URL,PullNo,Participants,Module,CommitHash,Analysis
https://github.com/pandas-dev/pandas,1084,2,src,2e78bc727d258e0b854676ace9d3aa284d2b6247,"{""quality"": ""5.45"", ""num_modules"": 111, ""warnings"": 2428}"
https://github.com/pandas-dev/pandas,1084,2,src,12dd205b7eb4adbd3d05ac3691e4facb40871ced,"{""quality"": ""5.45"", ""num_modules"": 111, ""warnings"": 2428}"
https://github.com/pandas-dev/pandas,1084,2,src,323d532c8d9c11af3394883612264820ea5bcb55,"{""quality"": ""5.45"", ""num_modules"": 111, ""warnings"": 2428}"
https://github.com/pandas-dev/pandas,1084,2,src,ae1c75c8374d1437506057fe2c67daa300bf74b7,"{""quality"": ""5.45"", ""num_modules"": 111, ""warnings"": 2428}"
https://github.com/pandas-dev/pandas,1084,2,src,346b34f0cbde2a0bf1a802dc7bc71be6d786fd93,"{""quality"": ""5.45"", ""num_modules"": 111, ""warnings"": 2428}"
https://github.com/pandas-dev/pandas,1084,2,src,dc65cc6861c3d2771163fc4a37840899a5492e23,"{""quality"": ""5.45"", ""num_modules"": 111, ""warnings"": 2428}"
https://github.com/pandas-dev/pandas,1084,2,src,4bf61b54a55609c866946fbb696a7d62d21fcfcc,"{""quality"": ""5.45"", ""num_modules"": 111, ""warnings"": 2428}"
https://github.com/pandas-dev/pandas,1084,2,src,6e1838d508c01f4f4507f3888509e05ab22d5756,"{""quality"": ""5.44"", ""num_modules"": 111, ""warnings"": 2428}"
https://github.com/pandas-dev/pandas,1621,2,src,408ee6f900e774ccefd17397af965b305bf52ab9,"{""quality"": ""5.12"", ""num_modules"": 122, ""warnings"": 2743}"
https://github.com/pandas-dev/pandas,1621,2,src,dfb53438cdea473b78ed8005dfa1f20a11ce05f8,"{""quality"": ""5.15"", ""num_modules"": 122, ""warnings"": 2743}"
https://github.com/pandas-dev/pandas,1621,2,src,01e0ff33c2a57dfe42e57b5f1bd0974d7840e712,"{""quality"": ""5.15"", ""num_modules"": 123, ""warnings"": 2768}"
https://github.com/pandas-dev/pandas,1621,2,src,563c03f780cc94d4780338cd8a2f5b906c62dcbb,"{""quality"": ""5.15"", ""num_modules"": 123, ""warnings"": 2768}"
https://github.com/pandas-dev/pandas,1621,2,src,18bbf07f997a9cb0f0aead1b564c5d1527f47f82,"{""quality"": ""5.15"", ""num_modules"": 123, ""warnings"": 2768}"
https://github.com/pandas-dev/pandas,1621,2,src,f0afc3ba4893998106f8c29cd2f83958b23d93aa,"{""quality"": ""5.15"", ""num_modules"": 123, ""warnings"": 2768}"
https://github.com/pandas-dev/pandas,1621,2,src,835476f4d0f8566c5beeabf84b75829cdd134e23,"{""quality"": ""5.12"", ""num_modules"": 123, ""warnings"": 2768}"
https://github.com/pandas-dev/pandas,1621,2,src,d2f745a02b453477759df0cfaf7bb428ed3b45b0,"{""quality"": ""5.12"", ""num_modules"": 123, ""warnings"": 2768}"
https://github.com/pandas-dev/pandas,1735,2,src,684006dade006ea20571143d5b3a2332ef2294fd,"{""quality"": ""5.13"", ""num_modules"": 123, ""warnings"": 2768}"
https://github.com/pandas-dev/pandas,1735,2,src,e7d329f2502a87324aa3c88101224004b90c8a45,"{""quality"": ""5.13"", ""num_modules"": 123, ""warnings"": 2768}"
https://github.com/pandas-dev/pandas,1735,2,src,c68ca7e4ff68fd2e06a794c777243ff9f67cb502,"{""quality"": ""5.13"", ""num_modules"": 123, ""warnings"": 2768}"
https://github.com/pandas-dev/pandas,1735,2,src,aa2748aa13f7727d608c437cd55cf64c2f57dcde,"{""quality"": ""5.13"", ""num_modules"": 123, ""warnings"": 2768}"
https://github.com/pandas-dev/pandas,1735,2,src,bfee97ffcc465f7dfc72e36bac230c772a79a06c,"{""quality"": ""5.13"", ""num_modules"": 123, ""warnings"": 2768}"
