URL,PullNo,Participants,CommitHash,Analysis
https://github.com/psf/requests,173,3,dcebab4c35369f9f91dab3eb6ff877509f7d38c2,"{""quality"": ""3.93"", ""num_modules"": 16, ""warnings"": 297}"
https://github.com/psf/requests,173,3,c48cf2bba8aafa50ae5cd77e7ab4bb476dca086c,"{""quality"": ""3.93"", ""num_modules"": 16, ""warnings"": 297}"
https://github.com/psf/requests,173,3,ac9f9b653c5acfde2bc6c2c3e8cd3dbf6e402c4f,"{""quality"": ""3.93"", ""num_modules"": 16, ""warnings"": 297}"
https://github.com/psf/requests,175,3,62d29d510625aa6c5415f4ba35579059b1c842fd,"{""quality"": ""3.64"", ""num_modules"": 16, ""warnings"": 297}"
https://github.com/psf/requests,175,3,ffde764a910e64398d01a8058a540853b63d60d3,"{""quality"": ""3.64"", ""num_modules"": 16, ""warnings"": 297}"
https://github.com/psf/requests,175,3,7077272baa39113538aeed6e40ce38d20f5c512c,"{""quality"": ""4.13"", ""num_modules"": 22, ""warnings"": 519}"
https://github.com/psf/requests,175,3,2361a6fc79f3af84550478cd43e0f9ab26e714f4,"{""quality"": ""4.13"", ""num_modules"": 22, ""warnings"": 519}"
https://github.com/psf/requests,220,2,b8d4a5ea61de8b579aa3e3d8e37e43f3cc34b619,"{""quality"": ""5.72"", ""num_modules"": 15, ""warnings"": 286}"
https://github.com/psf/requests,220,2,340f7a0733b6b023c2bec18bb0f91e8f1052a84d,"{""quality"": ""5.60"", ""num_modules"": 16, ""warnings"": 299}"
https://github.com/psf/requests,220,2,94c587d642eb131660e738667dc3861fbd35314e,"{""quality"": ""5.60"", ""num_modules"": 16, ""warnings"": 299}"
https://github.com/psf/requests,220,2,d23c4b94c11eadfba7554fa7216f2a30b04396ca,"{""quality"": ""5.54"", ""num_modules"": 16, ""warnings"": 299}"
https://github.com/psf/requests,220,2,0dae52220b274890af08ac040bd90747146c3d90,"{""quality"": ""5.64"", ""num_modules"": 16, ""warnings"": 299}"
https://github.com/psf/requests,220,2,06a5aed8e2a539d780020fb893fdf5ef9192ae04,"{""quality"": ""5.64"", ""num_modules"": 16, ""warnings"": 299}"
https://github.com/psf/requests,220,2,495c3d500640ce39d53292fd9846a2354d203675,"{""quality"": ""5.64"", ""num_modules"": 16, ""warnings"": 299}"
https://github.com/psf/requests,220,2,4892a305d9cd658287b3320d18c60886b14b5b48,"{""quality"": ""5.60"", ""num_modules"": 16, ""warnings"": 299}"
https://github.com/psf/requests,220,2,20e0ee4968298815ed8a3cd7de01a17e8451cd6c,"{""quality"": ""5.60"", ""num_modules"": 16, ""warnings"": 299}"
https://github.com/psf/requests,220,2,af6aa3e5729aa4e99716546915957ecf70bb894d,"{""quality"": ""5.55"", ""num_modules"": 16, ""warnings"": 299}"
https://github.com/psf/requests,220,2,12db1576e9d0ed897f799a8f382ee92db891988d,"{""quality"": ""5.55"", ""num_modules"": 16, ""warnings"": 299}"
https://github.com/psf/requests,220,2,b7c788cc56b6f2f1113555074fad848afa9caf0f,"{""quality"": ""5.55"", ""num_modules"": 16, ""warnings"": 299}"
https://github.com/psf/requests,220,2,60b37e54b56ae9b1f3457bfda6178c001cdddcc4,"{""quality"": ""5.57"", ""num_modules"": 16, ""warnings"": 299}"
https://github.com/psf/requests,220,2,4916b1c2cee365bb4975645defe3ed115b161b30,"{""quality"": ""5.57"", ""num_modules"": 16, ""warnings"": 299}"
https://github.com/psf/requests,220,2,491a3c075d341a048c50b4a989b87da0c2a75992,"{""quality"": ""5.57"", ""num_modules"": 16, ""warnings"": 299}"
https://github.com/psf/requests,220,2,53c7b777355a42eaef1df0c88916d413d3e996ec,"{""quality"": ""5.57"", ""num_modules"": 16, ""warnings"": 299}"
https://github.com/psf/requests,220,2,9966017a4976339c76b834eab8a10b4dfba474f1,"{""quality"": ""5.60"", ""num_modules"": 16, ""warnings"": 299}"
https://github.com/psf/requests,220,2,68b48309480db3a95372967fe9c005d612c91ea0,"{""quality"": ""5.62"", ""num_modules"": 16, ""warnings"": 299}"
https://github.com/psf/requests,220,2,b88fbb5e0c1a95987612e891c60c3b14418fd077,"{""quality"": ""5.56"", ""num_modules"": 16, ""warnings"": 299}"
https://github.com/psf/requests,220,2,82cbae479c248d565e86d6664a0cb89d39dece6b,"{""quality"": ""5.56"", ""num_modules"": 16, ""warnings"": 299}"
https://github.com/psf/requests,220,2,e46251b727479f8c477424afaddc80d2eb388e67,"{""quality"": ""5.56"", ""num_modules"": 16, ""warnings"": 299}"
https://github.com/psf/requests,220,2,8f8dbec0d5a48ab39350a37b2c558ed95a4c8252,"{""quality"": ""5.56"", ""num_modules"": 16, ""warnings"": 299}"
https://github.com/psf/requests,220,2,58b1c69b6a40749f7dcc03f6489e5486e50f7ea2,"{""quality"": ""5.56"", ""num_modules"": 16, ""warnings"": 299}"
https://github.com/psf/requests,316,2,12f3c65e5a426ce32808cc456387ca7d7e7c5126,"{""quality"": ""5.35"", ""num_modules"": 28, ""warnings"": 701}"
https://github.com/psf/requests,316,2,91766548d10cd5ebf46aba376f9e000263285875,"{""quality"": ""5.35"", ""num_modules"": 28, ""warnings"": 701}"
https://github.com/psf/requests,316,2,2c0ff95d4d8daae7c0624b3a96584d722ebf6c38,"{""quality"": ""5.35"", ""num_modules"": 28, ""warnings"": 701}"
https://github.com/psf/requests,316,2,a7223f86a976410bb904fb2e983440c94175aa75,"{""quality"": ""5.35"", ""num_modules"": 28, ""warnings"": 701}"
https://github.com/psf/requests,446,3,2f33679cb39c144a9fef591e5140a766c92d66f5,"{""quality"": ""6.25"", ""num_modules"": 34, ""warnings"": 972}"
https://github.com/psf/requests,446,3,79bb9ee1417afe2231972c1331308500104e5dc7,"{""quality"": ""6.28"", ""num_modules"": 34, ""warnings"": 972}"
https://github.com/psf/requests,446,3,de0658f7e82982a398e8acef3470ed6be0e3c52e,"{""quality"": ""6.28"", ""num_modules"": 34, ""warnings"": 972}"
https://github.com/psf/requests,446,3,b0e18650735dc667f76f6aff108877f03b729c23,"{""quality"": ""6.28"", ""num_modules"": 34, ""warnings"": 972}"
https://github.com/psf/requests,446,3,fd7610dd7a144879481b48e3b5412753b8499776,"{""quality"": ""6.31"", ""num_modules"": 34, ""warnings"": 972}"
https://github.com/psf/requests,446,3,faae6b87b14851a75a62c3c4e82e0b571e3a8fa3,"{""quality"": ""6.30"", ""num_modules"": 34, ""warnings"": 972}"
https://github.com/psf/requests,446,3,8c873712fe89b9a4378cf069191a197d1eb6500a,"{""quality"": ""6.30"", ""num_modules"": 34, ""warnings"": 972}"
https://github.com/psf/requests,475,3,e2645826be0449842dcc812e31541c5254c69e05,"{""quality"": ""6.29"", ""num_modules"": 34, ""warnings"": 972}"
https://github.com/psf/requests,475,3,1cf5ec872c4db961addcfe7ba7d167c04205b030,"{""quality"": ""6.30"", ""num_modules"": 34, ""warnings"": 972}"
https://github.com/psf/requests,475,3,fba77fc65f40ba10428346c0d01fe6c5d55ddbce,"{""quality"": ""6.30"", ""num_modules"": 34, ""warnings"": 972}"
https://github.com/psf/requests,475,3,0e65dff008f8d18fd6545d4b3e1656e048f3306d,"{""quality"": ""6.33"", ""num_modules"": 34, ""warnings"": 972}"
https://github.com/psf/requests,475,3,bd0e00280460b28d3bf715d64888605750d9e735,"{""quality"": ""6.32"", ""num_modules"": 34, ""warnings"": 972}"
https://github.com/psf/requests,535,3,3550ac7473883aea52ca7f4153de8c26357d5c37,"{""quality"": ""6.19"", ""num_modules"": 35, ""warnings"": 1002}"
https://github.com/psf/requests,535,3,e28c1c9bfa286b0badb10ddbbeb1fd965f57cad6,"{""quality"": ""6.19"", ""num_modules"": 35, ""warnings"": 1002}"
https://github.com/psf/requests,535,3,06e4971fe72c377692ba9e37638431ed0582a028,"{""quality"": ""6.18"", ""num_modules"": 35, ""warnings"": 1002}"
https://github.com/psf/requests,552,4,99210995463497cf4ee9ec1bee79c5f2bff4e3f8,"{""quality"": ""6.22"", ""num_modules"": 35, ""warnings"": 1002}"
https://github.com/psf/requests,552,4,1360e77cb2c5c7956b9c2b6e510040fa73c6d7ee,"{""quality"": ""6.22"", ""num_modules"": 35, ""warnings"": 1002}"
https://github.com/psf/requests,552,4,e1528ce3be5a0798d509ae774ac7c3667b17ef29,"{""quality"": ""6.22"", ""num_modules"": 35, ""warnings"": 1002}"
https://github.com/psf/requests,552,4,b4eb8663afce7d6c5e06df8625c5307a6126ecb5,"{""quality"": ""6.23"", ""num_modules"": 35, ""warnings"": 1002}"
https://github.com/psf/requests,559,4,ed7b14899fcc196acb5631819585dcc2be1b41f7,"{""quality"": ""6.31"", ""num_modules"": 36, ""warnings"": 1018}"
https://github.com/psf/requests,559,4,0a7d98871c08029c9562699fde92ba293a3a791a,"{""quality"": ""6.31"", ""num_modules"": 36, ""warnings"": 1018}"
https://github.com/psf/requests,559,4,3288426f2bb4fc52f58ea6422444bc013ce31a8c,"{""quality"": ""6.31"", ""num_modules"": 36, ""warnings"": 1018}"
https://github.com/psf/requests,559,4,e912a6f5da30e9a5507fd14cb6cb32f7e05611c0,"{""quality"": ""6.31"", ""num_modules"": 36, ""warnings"": 1018}"
https://github.com/psf/requests,559,4,64eb415ec0595f4ee5a59578dbbbb99200755c49,"{""quality"": ""6.31"", ""num_modules"": 36, ""warnings"": 1018}"
https://github.com/psf/requests,559,4,b06690270500c9b550c989ed3ddf0115808e8796,"{""quality"": ""6.31"", ""num_modules"": 36, ""warnings"": 1018}"
https://github.com/psf/requests,562,4,973e9cb54826062328f1c8650630819205ccfe8e,"{""quality"": ""6.49"", ""num_modules"": 31, ""warnings"": 874}"
https://github.com/psf/requests,562,4,2f50cb92b6fd471d4f9771b815bf8bfbb881795f,"{""quality"": ""6.50"", ""num_modules"": 31, ""warnings"": 874}"
https://github.com/psf/requests,562,4,355003b400e18be508e530400c2c232f9ce0041c,"{""quality"": ""6.40"", ""num_modules"": 31, ""warnings"": 874}"
https://github.com/psf/requests,562,4,f25827c5b66450482fad8209f38ca77664f504dd,"{""quality"": ""6.40"", ""num_modules"": 31, ""warnings"": 874}"
https://github.com/psf/requests,565,5,7c5151e8e71551f566edd10df943eb322a4a1dbc,"{""quality"": ""6.20"", ""num_modules"": 35, ""warnings"": 1002}"
https://github.com/psf/requests,565,5,2a27b123fd5bda2030e81995ff77e0e06f09ceca,"{""quality"": ""6.21"", ""num_modules"": 35, ""warnings"": 1002}"
https://github.com/psf/requests,565,5,fed6cfbf4d282cc5056fd1e26b999523fdac73b1,"{""quality"": ""6.02"", ""num_modules"": 36, ""warnings"": 1035}"
https://github.com/psf/requests,565,5,c4ab96b63800f04511aada9b5899540a7937967a,"{""quality"": ""6.03"", ""num_modules"": 36, ""warnings"": 1035}"
https://github.com/psf/requests,565,5,4d6871d9176c13affe625b1885278d396a39f21d,"{""quality"": ""6.29"", ""num_modules"": 36, ""warnings"": 1018}"
https://github.com/psf/requests,565,5,492bda1343b6413eead297c4b4acf26f68b2a3f2,"{""quality"": ""6.29"", ""num_modules"": 36, ""warnings"": 1018}"
https://github.com/psf/requests,565,5,1de14e6a93d2f84b1aaea198785c05b2e51d933b,"{""quality"": ""6.29"", ""num_modules"": 36, ""warnings"": 1018}"
https://github.com/psf/requests,565,5,404ecaf95bbaaa42013d7ae67b96c7593296d8cf,"{""quality"": ""6.29"", ""num_modules"": 36, ""warnings"": 1018}"
https://github.com/psf/requests,565,5,ff169d32fee661a40fd600a86ea6fae931bd99c8,"{""quality"": ""6.30"", ""num_modules"": 36, ""warnings"": 1018}"
https://github.com/psf/requests,565,5,6eb349f5d20e119ce3340d9163472dc51f8031b6,"{""quality"": ""6.30"", ""num_modules"": 36, ""warnings"": 1018}"
https://github.com/psf/requests,565,5,7832f2ae7e3915c2fe238b0f648176328909395a,"{""quality"": ""6.30"", ""num_modules"": 36, ""warnings"": 1018}"
https://github.com/psf/requests,565,5,11a3eaec265735b63569bb165047d39df5ba465f,"{""quality"": ""6.30"", ""num_modules"": 36, ""warnings"": 1018}"
https://github.com/psf/requests,572,3,a9033912b392900e3ab0b1d93e2545f05fabc467,"{""quality"": ""6.32"", ""num_modules"": 36, ""warnings"": 1018}"
https://github.com/psf/requests,572,3,57ccd7e65c30ffef773c7e60a582ce9325482fed,"{""quality"": ""6.33"", ""num_modules"": 36, ""warnings"": 1018}"
https://github.com/psf/requests,572,3,538de55607eb1db8299f2b83421a91b9f533cb50,"{""quality"": ""6.32"", ""num_modules"": 36, ""warnings"": 1018}"
https://github.com/psf/requests,572,3,a8555d811df0a4aaf2dd1f083ba0bc71679101ca,"{""quality"": ""6.32"", ""num_modules"": 36, ""warnings"": 1018}"
https://github.com/psf/requests,572,3,853a07112b19fe6101ae5b6914e111230d465156,"{""quality"": ""6.32"", ""num_modules"": 36, ""warnings"": 1018}"
https://github.com/psf/requests,709,3,982268a2019b451b587f717675039ebccf00a658,"{""quality"": ""-0.70"", ""num_modules"": 120, ""warnings"": 4286}"
https://github.com/psf/requests,709,3,11433d942dcc0bb9e321141ff04d378568c288fb,"{""quality"": ""-0.71"", ""num_modules"": 120, ""warnings"": 4286}"
https://github.com/psf/requests,709,3,523433f26cc6385b91fcc87186437474abd2cde1,"{""quality"": ""-0.71"", ""num_modules"": 120, ""warnings"": 4286}"
https://github.com/psf/requests,709,3,21f60fe8dfe2ebbde2318f763f585d7de18d3d6f,"{""quality"": ""-0.69"", ""num_modules"": 120, ""warnings"": 4286}"
https://github.com/psf/requests,746,5,cfa627ae62cebff20edf0816ce327c61603ef6a8,"{""quality"": ""-0.10"", ""num_modules"": 121, ""warnings"": 4333}"
https://github.com/psf/requests,746,5,dee3693ea004e2f859e4fba4cfedb376e4d0bb2b,"{""quality"": ""-0.10"", ""num_modules"": 121, ""warnings"": 4333}"
https://github.com/psf/requests,746,5,88c762e256647a03f10a7a8c8707043a1b33aa5b,"{""quality"": ""-0.10"", ""num_modules"": 121, ""warnings"": 4333}"
https://github.com/psf/requests,764,3,857d8eda3a4055d92626f71ff5b34ce8cc6ec167,"{""quality"": ""-0.12"", ""num_modules"": 121, ""warnings"": 4333}"
https://github.com/psf/requests,764,3,030ead9c36b59d2e18f6381f3f8c96c6e4de0090,"{""quality"": ""-0.12"", ""num_modules"": 121, ""warnings"": 4333}"
https://github.com/psf/requests,764,3,000c1053035812ee765a4f4a967eb69dba400a04,"{""quality"": ""-0.12"", ""num_modules"": 121, ""warnings"": 4333}"
https://github.com/psf/requests,764,3,291859c199c481bf1e304e39613ca90b6f55f9f8,"{""quality"": ""-0.13"", ""num_modules"": 121, ""warnings"": 4333}"
https://github.com/psf/requests,819,4,8a1d53eb3ac19cabbb85e2bdfae418cd6fa84612,"{""quality"": ""0.00"", ""num_modules"": 121, ""warnings"": 4333}"
https://github.com/psf/requests,819,4,46ff4b386281f619506c13f8a6548ecd3e4d3559,"{""quality"": ""0.00"", ""num_modules"": 121, ""warnings"": 4333}"
https://github.com/psf/requests,819,4,aded42f23247e86495654ddd85ae9e000bbe9c1e,"{""quality"": ""0.01"", ""num_modules"": 121, ""warnings"": 4333}"
https://github.com/psf/requests,819,4,babac7368b9aa34fd1f0e5d29d4f80c2006ad614,"{""quality"": ""0.00"", ""num_modules"": 121, ""warnings"": 4333}"
https://github.com/psf/requests,884,3,86b39bf3e33c174f5535207082ccac64aaf7aa45,"{""quality"": ""0.05"", ""num_modules"": 121, ""warnings"": 4333}"
https://github.com/psf/requests,884,3,2d9f953d4cf24f245764f2d700ab5024d6f22110,"{""quality"": ""0.05"", ""num_modules"": 121, ""warnings"": 4333}"
https://github.com/psf/requests,884,3,bb9e72885a9a516550efbe1a1f40c780a3e2554d,"{""quality"": ""0.05"", ""num_modules"": 121, ""warnings"": 4333}"
https://github.com/psf/requests,909,3,4decc7986e32bb8f3511df3dd0c9b1c1d57453c1,"{""quality"": ""0.08"", ""num_modules"": 121, ""warnings"": 4333}"
https://github.com/psf/requests,909,3,9832bd89172fb1200e8fdfb2e1cc334ad0fcf332,"{""quality"": ""0.08"", ""num_modules"": 121, ""warnings"": 4333}"
https://github.com/psf/requests,909,3,25f2806f23d2a88920a3558f8bc4f798a115d014,"{""quality"": ""0.08"", ""num_modules"": 121, ""warnings"": 4333}"
https://github.com/psf/requests,909,3,a4be9a2578dcb8f0862cc80f1e37243edfc04bd7,"{""quality"": ""0.08"", ""num_modules"": 121, ""warnings"": 4333}"
https://github.com/psf/requests,909,3,be01a35ef12c7e71c0e71c4e37d1f1a392a66fd8,"{""quality"": ""0.08"", ""num_modules"": 121, ""warnings"": 4333}"
https://github.com/psf/requests,909,3,e26ccb34eb1c0d3948bfd9e50ffe333605ae554d,"{""quality"": ""0.08"", ""num_modules"": 121, ""warnings"": 4333}"
https://github.com/psf/requests,957,4,f003025a37f9d546570e52f7d355c6f5d1a81617,"{""quality"": ""0.11"", ""num_modules"": 121, ""warnings"": 4333}"
https://github.com/psf/requests,957,4,61f16d1ddcf4729945ce7b0b9bfbd94b75dc4b92,"{""quality"": ""0.11"", ""num_modules"": 121, ""warnings"": 4333}"
https://github.com/psf/requests,957,4,b93fbd30c32b122bf7aba7db6663ca5a292b17d3,"{""quality"": ""0.12"", ""num_modules"": 121, ""warnings"": 4333}"
https://github.com/psf/requests,1049,4,8cb904b49d343a4f6ede534bdcfdf7b614ea77e0,"{""quality"": ""5.36"", ""num_modules"": 67, ""warnings"": 2212}"
https://github.com/psf/requests,1049,4,f1ba27faa2b9b1a26e6c935c18acd6fcd9e7e164,"{""quality"": ""5.35"", ""num_modules"": 67, ""warnings"": 2212}"
https://github.com/psf/requests,1049,4,09da1921ffbd9cfd4dff83ca440cc49b087c732c,"{""quality"": ""5.38"", ""num_modules"": 67, ""warnings"": 2212}"
https://github.com/psf/requests,1060,5,b479a62ec2c0a3c64d4a67540263b82afd68f55d,"{""quality"": ""5.33"", ""num_modules"": 67, ""warnings"": 2212}"
https://github.com/psf/requests,1060,5,702f4039bc2f8543d2b337cb18c7d730afa1cccb,"{""quality"": ""5.34"", ""num_modules"": 67, ""warnings"": 2212}"
https://github.com/psf/requests,1060,5,d675abbd3f3883bc5a45895da2d63ffec5ed4634,"{""quality"": ""5.35"", ""num_modules"": 67, ""warnings"": 2212}"
https://github.com/psf/requests,1143,3,2ac391373329b2d8c67d34fd7c056ff9db16a5f9,"{""quality"": ""5.43"", ""num_modules"": 66, ""warnings"": 2198}"
https://github.com/psf/requests,1143,3,2f7923bc0564ed6c8bb30b4d547cbacccbecaebb,"{""quality"": ""5.44"", ""num_modules"": 66, ""warnings"": 2198}"
https://github.com/psf/requests,1143,3,95084c9ca8b3c33d6f16bf63f9c041aa6e442641,"{""quality"": ""5.43"", ""num_modules"": 66, ""warnings"": 2198}"
https://github.com/psf/requests,1173,3,3299771e3497199adda6ad6354f78742806cd320,"{""quality"": ""5.46"", ""num_modules"": 66, ""warnings"": 2198}"
https://github.com/psf/requests,1173,3,e2ad0d0fe8f4bff1640417f67e7e321f030c1bed,"{""quality"": ""5.47"", ""num_modules"": 66, ""warnings"": 2198}"
https://github.com/psf/requests,1173,3,e7bc9bf1b2c8abb51b56981548632baed3b4fb87,"{""quality"": ""5.47"", ""num_modules"": 66, ""warnings"": 2198}"
https://github.com/psf/requests,1173,3,9c8660dbb6e5d9b8694447e91e7936161f868ab0,"{""quality"": ""5.45"", ""num_modules"": 66, ""warnings"": 2198}"
https://github.com/psf/requests,1242,5,e752455b6f1b5913305a9014f3c0b535ba054069,"{""quality"": ""5.55"", ""num_modules"": 66, ""warnings"": 2198}"
https://github.com/psf/requests,1242,5,186a58978351ad0243fa8c413250481650ed4378,"{""quality"": ""5.57"", ""num_modules"": 67, ""warnings"": 2235}"
https://github.com/psf/requests,1242,5,9d16c7276791fb7e5e75f2fbcddec95fa8f15b2b,"{""quality"": ""5.57"", ""num_modules"": 67, ""warnings"": 2235}"
https://github.com/psf/requests,1267,5,46a770e03f6991c357fe5f245bf035d779b887f6,"{""quality"": ""5.57"", ""num_modules"": 67, ""warnings"": 2235}"
https://github.com/psf/requests,1267,5,478d49027fe920e334ae8eacd1182ede39f8b5f7,"{""quality"": ""5.58"", ""num_modules"": 67, ""warnings"": 2235}"
https://github.com/psf/requests,1267,5,1d5c4f3f0f49e04165303952ccc5fd1c70aee7c1,"{""quality"": ""5.58"", ""num_modules"": 67, ""warnings"": 2235}"
https://github.com/psf/requests,1267,5,88177ec33fa0846aea0ecb121ffbb041c5f09cdc,"{""quality"": ""5.56"", ""num_modules"": 67, ""warnings"": 2235}"
https://github.com/psf/requests,1267,5,aca91e06f2c83da1553ea8b39814c5c78cb3c433,"{""quality"": ""5.57"", ""num_modules"": 67, ""warnings"": 2235}"
https://github.com/psf/requests,1267,5,0cd23d8d6e9fee70e4cc51c37e0b6a111411f2c0,"{""quality"": ""5.56"", ""num_modules"": 67, ""warnings"": 2235}"
https://github.com/psf/requests,1267,5,325ea7b7e209de2cd895e3275bde8378a183c7e7,"{""quality"": ""5.50"", ""num_modules"": 67, ""warnings"": 2235}"
https://github.com/psf/requests,1290,3,d22ac00098475367ea0c0725d7db94d7967b09b1,"{""quality"": ""5.54"", ""num_modules"": 68, ""warnings"": 2278}"
https://github.com/psf/requests,1290,3,88f13598f32bd2da4099f4bb61a082d63fcf42c7,"{""quality"": ""5.53"", ""num_modules"": 68, ""warnings"": 2278}"
https://github.com/psf/requests,1290,3,5c47ce1136ed12e992fe3404b8e6634060bcd411,"{""quality"": ""5.54"", ""num_modules"": 68, ""warnings"": 2278}"
https://github.com/psf/requests,1328,3,1866f7596e2c9e20dddf5d8c570c44e496a71c57,"{""quality"": ""5.53"", ""num_modules"": 68, ""warnings"": 2278}"
https://github.com/psf/requests,1328,3,9763a671da1061244aa0a98e924efa1ec8379a7b,"{""quality"": ""5.54"", ""num_modules"": 68, ""warnings"": 2278}"
https://github.com/psf/requests,1328,3,3ff8d4380188934ed170a084083c7c5fe6cdf0c6,"{""quality"": ""5.53"", ""num_modules"": 68, ""warnings"": 2278}"
https://github.com/psf/requests,1328,3,a7fef5875688bce4435fd356c4442ffdad1dd49d,"{""quality"": ""5.54"", ""num_modules"": 68, ""warnings"": 2278}"
https://github.com/psf/requests,1328,3,0c609b59abfa25e00e320034e46c5bf4443078b6,"{""quality"": ""5.53"", ""num_modules"": 68, ""warnings"": 2278}"
https://github.com/psf/requests,1334,5,e715d7184b98f6c2a8c4810e7524e2e9a5a033c3,"{""quality"": ""5.58"", ""num_modules"": 68, ""warnings"": 2278}"
https://github.com/psf/requests,1334,5,72e155e529ae9f1892c5dffb5a021fa36ca0243e,"{""quality"": ""5.58"", ""num_modules"": 68, ""warnings"": 2278}"
https://github.com/psf/requests,1334,5,489a412f96c87f90d5a4788ede2d7a8a8863c91d,"{""quality"": ""5.59"", ""num_modules"": 68, ""warnings"": 2278}"
https://github.com/psf/requests,1334,5,f3036adc4f156627dce26a6106e22d3631940d3e,"{""quality"": ""5.58"", ""num_modules"": 68, ""warnings"": 2278}"
https://github.com/psf/requests,1334,5,d59510481ad624641ec404bac423e8ab44f0f41b,"{""quality"": ""5.58"", ""num_modules"": 68, ""warnings"": 2278}"
https://github.com/psf/requests,1334,5,2c5ea69e5df963a4914424639b2a7382cf82e4fb,"{""quality"": ""5.58"", ""num_modules"": 68, ""warnings"": 2278}"
https://github.com/psf/requests,1507,4,b5c136152f4184387017ce570d2a499f21b6de14,"{""quality"": ""5.57"", ""num_modules"": 68, ""warnings"": 2278}"
https://github.com/psf/requests,1507,4,9edba838b3c7891c955b49d680c49b4ee8e64dd4,"{""quality"": ""5.57"", ""num_modules"": 68, ""warnings"": 2278}"
https://github.com/psf/requests,1507,4,ee90f0af608a58761e5f1e08ea5ea6a6365651a2,"{""quality"": ""5.58"", ""num_modules"": 68, ""warnings"": 2278}"
https://github.com/psf/requests,1507,4,d4385f6fc84854d78f838f4eb3a93dd3985242c5,"{""quality"": ""5.57"", ""num_modules"": 68, ""warnings"": 2278}"
https://github.com/psf/requests,1507,4,0eccb547a29eda9c04d5e1cef586557846b19e92,"{""quality"": ""5.57"", ""num_modules"": 68, ""warnings"": 2278}"
https://github.com/psf/requests,1507,4,0ab7a52f7c04998ae68ed7da442fce32293e0fb5,"{""quality"": ""5.57"", ""num_modules"": 68, ""warnings"": 2278}"
https://github.com/psf/requests,1635,4,3501ea463432400c77479dddedab3b7af967b618,"{""quality"": ""5.77"", ""num_modules"": 69, ""warnings"": 2310}"
https://github.com/psf/requests,1635,4,1d1831ba40fe53a37e5ab87e9913dd1c52349066,"{""quality"": ""5.77"", ""num_modules"": 69, ""warnings"": 2310}"
https://github.com/psf/requests,1635,4,39fe0068aa657764778782ce4ca11d5e3ee08c66,"{""quality"": ""5.78"", ""num_modules"": 69, ""warnings"": 2310}"
https://github.com/psf/requests,1635,4,373166d833aa5e89d38859f11be59ad3aaba5a1d,"{""quality"": ""5.78"", ""num_modules"": 69, ""warnings"": 2310}"
https://github.com/psf/requests,1635,4,d22eaf96e2a1c64bc29579a072f67d2a9c758ef8,"{""quality"": ""5.78"", ""num_modules"": 69, ""warnings"": 2310}"
https://github.com/psf/requests,1635,4,012f0334ce43fe23044fc58e4246a804db88650d,"{""quality"": ""5.78"", ""num_modules"": 69, ""warnings"": 2310}"
https://github.com/psf/requests,1635,4,c8fc19a7799f34915a9a9e1ccfa2cb99ecd404da,"{""quality"": ""5.78"", ""num_modules"": 69, ""warnings"": 2310}"
https://github.com/psf/requests,1657,4,5bf396d5d12bf9debc667a509c84f640560da517,"{""quality"": ""5.78"", ""num_modules"": 69, ""warnings"": 2310}"
https://github.com/psf/requests,1657,4,f12584b94ae06d48ce4125de4d29feb283d2d62c,"{""quality"": ""5.78"", ""num_modules"": 69, ""warnings"": 2310}"
https://github.com/psf/requests,1657,4,a4605fe32426bcc404ab1eb4ea4b0dde9238a3e8,"{""quality"": ""5.78"", ""num_modules"": 69, ""warnings"": 2310}"
https://github.com/psf/requests,1660,4,0bb8be0e5ba58dfff9648b4058acaa927837e605,"{""quality"": ""5.78"", ""num_modules"": 69, ""warnings"": 2310}"
https://github.com/psf/requests,1660,4,df7aece2c8aef689a4b1f71126b93a5f09a3d168,"{""quality"": ""5.78"", ""num_modules"": 69, ""warnings"": 2310}"
https://github.com/psf/requests,1660,4,6632fb87c0eceed91d48f2bf84144cd4d24f77b8,"{""quality"": ""5.78"", ""num_modules"": 69, ""warnings"": 2310}"
https://github.com/psf/requests,1713,5,2bbd7ba1c2c5a56c0957be64b5f94f6a4b0243ca,"{""quality"": ""5.77"", ""num_modules"": 71, ""warnings"": 2387}"
https://github.com/psf/requests,1713,5,e3c771f36bbec5d116181229b58182435a2da461,"{""quality"": ""5.77"", ""num_modules"": 71, ""warnings"": 2387}"
https://github.com/psf/requests,1713,5,e40c1637c915e112fabaffb39fcd73beed56ff4b,"{""quality"": ""5.77"", ""num_modules"": 71, ""warnings"": 2387}"
https://github.com/psf/requests,1713,5,30018e604c0f89a0dad7d8b7e6f2a227916ee8c9,"{""quality"": ""5.78"", ""num_modules"": 71, ""warnings"": 2387}"
https://github.com/psf/requests,1713,5,1adba3c9e94a7408584d0d819da6aa47b34ed0bd,"{""quality"": ""5.77"", ""num_modules"": 71, ""warnings"": 2387}"
https://github.com/psf/requests,1713,5,5fcaf45c33c35aa36794bddf97da82545ada5fff,"{""quality"": ""5.75"", ""num_modules"": 71, ""warnings"": 2387}"
https://github.com/psf/requests,1713,5,8b2255d0f8b0bb472ec2193e4ac5c4d28336a5eb,"{""quality"": ""5.75"", ""num_modules"": 71, ""warnings"": 2387}"
https://github.com/psf/requests,1713,5,8eb40c777e4a5d0967205404a170615eb96ca237,"{""quality"": ""5.78"", ""num_modules"": 71, ""warnings"": 2387}"
https://github.com/psf/requests,1713,5,c26a6c310cf8489bb55be5b4b9899d06a2bddda9,"{""quality"": ""5.78"", ""num_modules"": 71, ""warnings"": 2387}"
https://github.com/psf/requests,1770,6,2c914126ba0c4865dc37c0a70f481091112a7dac,"{""quality"": ""5.77"", ""num_modules"": 71, ""warnings"": 2387}"
https://github.com/psf/requests,1770,6,8aff6f5ed0aca2dbe5b2eba242f0e3b96285c700,"{""quality"": ""5.79"", ""num_modules"": 71, ""warnings"": 2387}"
https://github.com/psf/requests,1770,6,f0d3edf4090f3228f576cee665e3135052fbf303,"{""quality"": ""5.79"", ""num_modules"": 71, ""warnings"": 2387}"
https://github.com/psf/requests,1770,6,61313903453ee68677c5afe0a8cb3e26f8215f9c,"{""quality"": ""5.79"", ""num_modules"": 71, ""warnings"": 2387}"
https://github.com/psf/requests,1770,6,9ec222c363b226e908a9d72018e2f467952da52f,"{""quality"": ""5.77"", ""num_modules"": 71, ""warnings"": 2387}"
https://github.com/psf/requests,1770,6,f9a48e0f0b79c1f6dc148b1abc6a2622c48b1ab1,"{""quality"": ""5.77"", ""num_modules"": 71, ""warnings"": 2387}"
https://github.com/psf/requests,1770,6,0eccd7a856bb8cbc73ff0bf2747ded4ed8098fed,"{""quality"": ""5.79"", ""num_modules"": 71, ""warnings"": 2387}"
https://github.com/psf/requests,1770,6,dfd3e45ad07cf23e0673a1493cde70e8d7ec1e13,"{""quality"": ""5.78"", ""num_modules"": 71, ""warnings"": 2387}"
https://github.com/psf/requests,1770,6,fe945345dd5d9b187632e9f9084cd101ee3a1211,"{""quality"": ""5.79"", ""num_modules"": 71, ""warnings"": 2387}"
https://github.com/psf/requests,1770,6,0a4e65c0ed6bab6fbe9cfc4f4c4d349098b6f319,"{""quality"": ""5.79"", ""num_modules"": 71, ""warnings"": 2387}"
https://github.com/psf/requests,1770,6,947248129ba3b0917c86c013f24d7499c15cb8ae,"{""quality"": ""5.79"", ""num_modules"": 71, ""warnings"": 2387}"
https://github.com/psf/requests,1770,6,0d52ef7084a6839376be182dd91e9e003d3275ff,"{""quality"": ""5.80"", ""num_modules"": 71, ""warnings"": 2387}"
https://github.com/psf/requests,1770,6,59b29d02f8c4674a9922df53c9df9f960e6eaf34,"{""quality"": ""5.80"", ""num_modules"": 71, ""warnings"": 2387}"
https://github.com/psf/requests,1770,6,21c88c829aade9347d74b69546f2541ae2a66caf,"{""quality"": ""5.79"", ""num_modules"": 71, ""warnings"": 2387}"
https://github.com/psf/requests,1770,6,f3bc8b6e1f470298467738f1a33c759eeb0474f4,"{""quality"": ""5.79"", ""num_modules"": 71, ""warnings"": 2387}"
https://github.com/psf/requests,1770,6,1d42d9d2741d36c469fca38bc7e7a5383e3b7bd9,"{""quality"": ""5.80"", ""num_modules"": 71, ""warnings"": 2387}"
https://github.com/psf/requests,1793,4,cac2077c36ca841bdee8b2978677325e0754eaec,"{""quality"": ""5.82"", ""num_modules"": 71, ""warnings"": 2387}"
https://github.com/psf/requests,1793,4,16f9798208f2ef78e3ba91fc03584a522dd258a9,"{""quality"": ""5.83"", ""num_modules"": 71, ""warnings"": 2387}"
https://github.com/psf/requests,1793,4,d3f3b423ad1d2372067b7be73c0dec53b10b8a77,"{""quality"": ""5.83"", ""num_modules"": 71, ""warnings"": 2387}"
https://github.com/psf/requests,1793,4,1500632b602be698bfce682daeb01a2d64fc2d39,"{""quality"": ""5.82"", ""num_modules"": 71, ""warnings"": 2387}"
https://github.com/psf/requests,1793,4,df1c2335c82165b961b8a0361d0176cdb298e513,"{""quality"": ""5.85"", ""num_modules"": 71, ""warnings"": 2389}"
https://github.com/psf/requests,1862,4,a6a83420662b4ae2edda6949cf584415d3495c8e,"{""quality"": ""5.86"", ""num_modules"": 71, ""warnings"": 2389}"
https://github.com/psf/requests,1862,4,ca187abd13052fee100909076358fca89b473e0f,"{""quality"": ""5.86"", ""num_modules"": 71, ""warnings"": 2389}"
https://github.com/psf/requests,1862,4,dddb41e34906c1b7eff389921c7b1bb6d734a433,"{""quality"": ""5.87"", ""num_modules"": 71, ""warnings"": 2389}"
https://github.com/psf/requests,1862,4,b4ca6c95b60230ad604f8b89440fef18cfaa3a8c,"{""quality"": ""5.86"", ""num_modules"": 71, ""warnings"": 2389}"
https://github.com/psf/requests,1862,4,2f98ef17924d296a4871d909e43f5e7e365d05a3,"{""quality"": ""5.86"", ""num_modules"": 71, ""warnings"": 2389}"
https://github.com/psf/requests,1862,4,5b4e9aff0ea2d0876de33f57cece4b06fe4bc194,"{""quality"": ""5.86"", ""num_modules"": 71, ""warnings"": 2389}"
https://github.com/psf/requests,1862,4,49fb630eb4c8345702aaddc90d8edf73fd173a6e,"{""quality"": ""5.85"", ""num_modules"": 71, ""warnings"": 2389}"
https://github.com/psf/requests,1862,4,eb124353af330f8e1249e568e521795652fefb11,"{""quality"": ""5.85"", ""num_modules"": 71, ""warnings"": 2389}"
https://github.com/psf/requests,1891,3,27eb54a20a6f21cfe7138d4a26a8f41f5b2ced4b,"{""quality"": ""5.86"", ""num_modules"": 71, ""warnings"": 2389}"
https://github.com/psf/requests,1891,3,c2fab5b4ca2f8dcdc76fabb1851bd268f0d41889,"{""quality"": ""5.85"", ""num_modules"": 71, ""warnings"": 2389}"
https://github.com/psf/requests,1891,3,07e0a6198d132fee147806105a6ff05e541d3ba2,"{""quality"": ""5.86"", ""num_modules"": 71, ""warnings"": 2389}"
https://github.com/psf/requests,1892,5,7ba5a534ae9fc24e40b3ae6c480c9075d684727e,"{""quality"": ""5.86"", ""num_modules"": 71, ""warnings"": 2389}"
https://github.com/psf/requests,1892,5,326a22e8880c1dba52698a479eb7b6038d5b2e87,"{""quality"": ""5.85"", ""num_modules"": 71, ""warnings"": 2389}"
https://github.com/psf/requests,1892,5,d9f34c6848b9b313beefa7d3ce05f52fdea28c27,"{""quality"": ""5.85"", ""num_modules"": 71, ""warnings"": 2389}"
https://github.com/psf/requests,1951,3,6d7e8a97bbefa287366bc5d0b0b8f789532e853a,"{""quality"": ""5.86"", ""num_modules"": 71, ""warnings"": 2389}"
https://github.com/psf/requests,1951,3,97cf16e958a948ecf30c3019ae94f2e7ec7dcb7f,"{""quality"": ""5.86"", ""num_modules"": 71, ""warnings"": 2389}"
https://github.com/psf/requests,1951,3,4d8cb3244e8e4f84b250c10a48e025f9a8bf6137,"{""quality"": ""5.88"", ""num_modules"": 71, ""warnings"": 2389}"
https://github.com/psf/requests,1951,3,4f6dca42ea0fb3d1c4706e63e594e43f7a3237f7,"{""quality"": ""5.88"", ""num_modules"": 71, ""warnings"": 2389}"
https://github.com/psf/requests,1951,3,724038e4b5e94addb0bf6c767b7f5578b172c659,"{""quality"": ""5.88"", ""num_modules"": 71, ""warnings"": 2389}"
https://github.com/psf/requests,1951,3,90f73378582e4e2cbc75a189a2cfa7826824f29e,"{""quality"": ""5.88"", ""num_modules"": 71, ""warnings"": 2389}"
https://github.com/psf/requests,1972,4,98ac3df71369a6cf9bde35b8e5c8dc5935b028d0,"{""quality"": ""5.86"", ""num_modules"": 71, ""warnings"": 2389}"
https://github.com/psf/requests,1972,4,a3fb689942e8a215858ef0619d0ec95e22186c77,"{""quality"": ""5.86"", ""num_modules"": 71, ""warnings"": 2389}"
https://github.com/psf/requests,1972,4,c2e6fe4d5dfbb2bf4e31d70bb7c3f3eda2435beb,"{""quality"": ""5.86"", ""num_modules"": 71, ""warnings"": 2389}"
https://github.com/psf/requests,2090,4,07d9b730b712e8d77106c5c886be4e8bf3bef4f6,"{""quality"": ""5.93"", ""num_modules"": 77, ""warnings"": 2614}"
https://github.com/psf/requests,2090,4,ec3a2e6f04a6e268cbae747e9f1ff6ea4217f8b2,"{""quality"": ""5.92"", ""num_modules"": 77, ""warnings"": 2614}"
https://github.com/psf/requests,2090,4,da3178f377b34230792c70a48cc992500578316f,"{""quality"": ""5.92"", ""num_modules"": 77, ""warnings"": 2614}"
https://github.com/psf/requests,2176,4,c2aeaa3959b5754f5b39a45bceff91b196b6c986,"{""quality"": ""5.93"", ""num_modules"": 78, ""warnings"": 2650}"
https://github.com/psf/requests,2176,4,f0b9b60f6298ec743f2b470819cd249a041845d3,"{""quality"": ""5.92"", ""num_modules"": 78, ""warnings"": 2650}"
https://github.com/psf/requests,2176,4,8f9ce13e433013cd9bd4dbe9cf61c5b5f14b65ed,"{""quality"": ""5.92"", ""num_modules"": 78, ""warnings"": 2650}"
https://github.com/psf/requests,2176,4,39b3a436d3058975ac8e05735825da03e755a3b0,"{""quality"": ""5.92"", ""num_modules"": 78, ""warnings"": 2650}"
https://github.com/psf/requests,2176,4,7f236fcc40ae3597bfc944c704bff2b8d907cd93,"{""quality"": ""5.92"", ""num_modules"": 78, ""warnings"": 2650}"
https://github.com/psf/requests,2193,7,da122231e4dab3cc3f9726b4e8edf70bb649dd5d,"{""quality"": ""5.94"", ""num_modules"": 78, ""warnings"": 2650}"
https://github.com/psf/requests,2193,7,2c76122a48c6a4b513930fed56c0aea5362d6c9c,"{""quality"": ""5.93"", ""num_modules"": 78, ""warnings"": 2650}"
https://github.com/psf/requests,2193,7,c6a1167e8b35a7fa46b6bebe8f5d21fed9e25edc,"{""quality"": ""5.93"", ""num_modules"": 78, ""warnings"": 2650}"
https://github.com/psf/requests,2193,7,ce7957c085d912bd1b225460d159b19eaf3e6510,"{""quality"": ""5.93"", ""num_modules"": 78, ""warnings"": 2650}"
https://github.com/psf/requests,2193,7,9354855648cedbec3a91a9391e067f56e8414814,"{""quality"": ""5.94"", ""num_modules"": 78, ""warnings"": 2650}"
https://github.com/psf/requests,2216,8,2bc7762cb6c91f49e5b116d3eb9f93af01e331f2,"{""quality"": ""5.94"", ""num_modules"": 78, ""warnings"": 2650}"
https://github.com/psf/requests,2216,8,f54a4e3de186495a5254d21ae698c677c71b90c3,"{""quality"": ""5.97"", ""num_modules"": 78, ""warnings"": 2650}"
https://github.com/psf/requests,2216,8,2eb7e3c80b345f6c6e13fadf6f1ba98efccdd2e2,"{""quality"": ""5.96"", ""num_modules"": 78, ""warnings"": 2650}"
https://github.com/psf/requests,2216,8,adf475ef82cbd29f63814c0626f64926deb2355b,"{""quality"": ""5.97"", ""num_modules"": 78, ""warnings"": 2650}"
https://github.com/psf/requests,2241,5,fdf932c61c7ff77d494a4a413cc5fbdb71328ac7,"{""quality"": ""5.94"", ""num_modules"": 78, ""warnings"": 2650}"
https://github.com/psf/requests,2241,5,d6470870d08828c1d332ae446d5288eaab55d1f1,"{""quality"": ""5.94"", ""num_modules"": 78, ""warnings"": 2650}"
https://github.com/psf/requests,2241,5,58e0a6f4a020db660119f1c9459ab37ba55b92d4,"{""quality"": ""5.94"", ""num_modules"": 78, ""warnings"": 2650}"
https://github.com/psf/requests,2241,5,6e5f7bb9d397ade498ee22d9785863ef1b8ad946,"{""quality"": ""5.94"", ""num_modules"": 78, ""warnings"": 2650}"
https://github.com/psf/requests,2241,5,64ba451049c614eb14d336c2e7989ffaa81b2bb5,"{""quality"": ""5.94"", ""num_modules"": 78, ""warnings"": 2650}"
https://github.com/psf/requests,2253,4,c28da22e9c42e22b303bb07da434ce65e10c0cb2,"{""quality"": ""5.94"", ""num_modules"": 78, ""warnings"": 2650}"
https://github.com/psf/requests,2253,4,6ff6f756c034ad0a946c711d0e136cfbd077ab62,"{""quality"": ""5.91"", ""num_modules"": 78, ""warnings"": 2650}"
https://github.com/psf/requests,2253,4,3d8823cafc82fd9849eef6650a54a61554079b61,"{""quality"": ""5.94"", ""num_modules"": 78, ""warnings"": 2650}"
https://github.com/psf/requests,2344,3,087a27aba97d3eac017d321e37bf1970f8833c1a,"{""quality"": ""5.92"", ""num_modules"": 78, ""warnings"": 2650}"
https://github.com/psf/requests,2344,3,3246b1fe172ca3d4f098e85467234ded2f833b31,"{""quality"": ""5.92"", ""num_modules"": 78, ""warnings"": 2650}"
https://github.com/psf/requests,2344,3,39090cfba65cd056258dadce35e53dfeddd4568c,"{""quality"": ""6.00"", ""num_modules"": 78, ""warnings"": 2650}"
https://github.com/psf/requests,2344,3,4c61fef13f53db220f95032b72e6e374970bf272,"{""quality"": ""6.00"", ""num_modules"": 78, ""warnings"": 2650}"
https://github.com/psf/requests,2466,4,6ea3f2ada87177559188bfc9148af1b2384f38c6,"{""quality"": ""6.09"", ""num_modules"": 78, ""warnings"": 2650}"
https://github.com/psf/requests,2466,4,9d8a57f2a29de97682d85d71ea98354ac8223442,"{""quality"": ""6.09"", ""num_modules"": 78, ""warnings"": 2650}"
https://github.com/psf/requests,2466,4,2669f0c0b1e98c9ea36d2614d48b07ad150ea276,"{""quality"": ""6.09"", ""num_modules"": 78, ""warnings"": 2650}"
https://github.com/psf/requests,2468,3,11b12c3e07c542f9027b3cd3fac0d59573d28c2b,"{""quality"": ""6.08"", ""num_modules"": 78, ""warnings"": 2650}"
https://github.com/psf/requests,2468,3,326f77d57c3fdb45bf1d263a8b4ecef781f39850,"{""quality"": ""6.08"", ""num_modules"": 78, ""warnings"": 2650}"
https://github.com/psf/requests,2468,3,1887f32b17326fdaced7b57da349dc5ad7873435,"{""quality"": ""6.08"", ""num_modules"": 78, ""warnings"": 2650}"
https://github.com/psf/requests,2523,5,845e8f943f47ed3b88e19ff8351e6f248a9d6ab9,"{""quality"": ""6.08"", ""num_modules"": 78, ""warnings"": 2650}"
https://github.com/psf/requests,2523,5,e65360dbaf252a136a011adf639e5dce880a2412,"{""quality"": ""6.08"", ""num_modules"": 78, ""warnings"": 2650}"
https://github.com/psf/requests,2523,5,e8d9bc55bc9fae82e3ba934d3f7a93e94a72d094,"{""quality"": ""6.08"", ""num_modules"": 78, ""warnings"": 2650}"
https://github.com/psf/requests,2523,5,142e24de7b456d09b88bbbe0b9c978755254ca95,"{""quality"": ""6.08"", ""num_modules"": 78, ""warnings"": 2650}"
https://github.com/psf/requests,2523,5,36dea434065fa174105ac220152d94f7a39827b5,"{""quality"": ""6.08"", ""num_modules"": 78, ""warnings"": 2650}"
https://github.com/psf/requests,2523,5,5a69137ac871c38f4597b574e93de07d9ff9655f,"{""quality"": ""6.09"", ""num_modules"": 78, ""warnings"": 2650}"
https://github.com/psf/requests,2547,3,f89b5a5d90d7b45a7f59dbd2bb29ae2f400aba44,"{""quality"": ""6.09"", ""num_modules"": 78, ""warnings"": 2650}"
https://github.com/psf/requests,2547,3,f02d0f9e79a3aa3f0b716871f457ceb8f446bdba,"{""quality"": ""6.08"", ""num_modules"": 78, ""warnings"": 2650}"
https://github.com/psf/requests,2547,3,599f8343512277671d08e043a0505a82630c641d,"{""quality"": ""6.09"", ""num_modules"": 78, ""warnings"": 2650}"
https://github.com/psf/requests,2556,6,5fcd843eb23e8e84cd5f60c6d372ef4d678f80fe,"{""quality"": ""6.12"", ""num_modules"": 78, ""warnings"": 2650}"
https://github.com/psf/requests,2556,6,cfb9e66b04136f014412a8d638b2d69603557c1d,"{""quality"": ""6.12"", ""num_modules"": 78, ""warnings"": 2650}"
https://github.com/psf/requests,2556,6,3d339ed7e61261832347190185113b890b55009e,"{""quality"": ""6.11"", ""num_modules"": 78, ""warnings"": 2650}"
https://github.com/psf/requests,2556,6,3e3fc7683cab2d401981fdf01ae8cdc40c8d6222,"{""quality"": ""6.11"", ""num_modules"": 78, ""warnings"": 2650}"
https://github.com/psf/requests,2556,6,ae7c28eb8e8df89555b50d766b77dc922c1500ce,"{""quality"": ""6.11"", ""num_modules"": 78, ""warnings"": 2650}"
https://github.com/psf/requests,2678,10,5ec7576f2311b5b881ff2426e05b6b35a9aa8bdb,"{""quality"": ""6.13"", ""num_modules"": 78, ""warnings"": 2650}"
https://github.com/psf/requests,2678,10,b7fc3a1250cb13ed3b55010ccc33f2681f0ffa4a,"{""quality"": ""6.12"", ""num_modules"": 78, ""warnings"": 2650}"
https://github.com/psf/requests,2678,10,93216afbaf09290aa1cadb2f5811f18f4c48f983,"{""quality"": ""6.11"", ""num_modules"": 78, ""warnings"": 2650}"
https://github.com/psf/requests,2678,10,1e640c8456c644d5452267c480b3e3693757f852,"{""quality"": ""6.13"", ""num_modules"": 78, ""warnings"": 2650}"
https://github.com/psf/requests,2678,10,845e8f943f47ed3b88e19ff8351e6f248a9d6ab9,"{""quality"": ""6.08"", ""num_modules"": 78, ""warnings"": 2650}"
https://github.com/psf/requests,2678,10,e65360dbaf252a136a011adf639e5dce880a2412,"{""quality"": ""6.08"", ""num_modules"": 78, ""warnings"": 2650}"
https://github.com/psf/requests,2678,10,e8d9bc55bc9fae82e3ba934d3f7a93e94a72d094,"{""quality"": ""6.08"", ""num_modules"": 78, ""warnings"": 2650}"
https://github.com/psf/requests,2678,10,142e24de7b456d09b88bbbe0b9c978755254ca95,"{""quality"": ""6.09"", ""num_modules"": 78, ""warnings"": 2650}"
https://github.com/psf/requests,2678,10,36dea434065fa174105ac220152d94f7a39827b5,"{""quality"": ""6.08"", ""num_modules"": 78, ""warnings"": 2650}"
https://github.com/psf/requests,2678,10,5a69137ac871c38f4597b574e93de07d9ff9655f,"{""quality"": ""6.08"", ""num_modules"": 78, ""warnings"": 2650}"
https://github.com/psf/requests,2678,10,77d7e53c12da9fbeea75711d8607741bdfd12973,"{""quality"": ""6.14"", ""num_modules"": 78, ""warnings"": 2650}"
https://github.com/psf/requests,2678,10,d7026bfb2a015c2187009e7e159bc6abc251c355,"{""quality"": ""6.17"", ""num_modules"": 79, ""warnings"": 2693}"
https://github.com/psf/requests,2678,10,31817b66c6b793689c93a5b558384fb53d0576f7,"{""quality"": ""6.17"", ""num_modules"": 79, ""warnings"": 2693}"
https://github.com/psf/requests,2678,10,873f834fc9104b894eb7b254d8dcbd3170086cc7,"{""quality"": ""6.18"", ""num_modules"": 79, ""warnings"": 2693}"
https://github.com/psf/requests,2678,10,5d7392f140ed476cdc99f4178e425ce2fbb05884,"{""quality"": ""6.17"", ""num_modules"": 79, ""warnings"": 2693}"
https://github.com/psf/requests,2741,3,48fe34447de02bfe9827321fafe3277741d77c38,"{""quality"": ""6.13"", ""num_modules"": 78, ""warnings"": 2650}"
https://github.com/psf/requests,2741,3,56844d128754b923211a981618903c34fd36ed7b,"{""quality"": ""6.12"", ""num_modules"": 78, ""warnings"": 2650}"
https://github.com/psf/requests,2741,3,618514231bd24d7eec7b8d486f4a55cb7ef8d522,"{""quality"": ""6.13"", ""num_modules"": 78, ""warnings"": 2650}"
https://github.com/psf/requests,2741,3,22075f02d0f41ee8d6e7328361b59c3b2d54bdaf,"{""quality"": ""6.13"", ""num_modules"": 78, ""warnings"": 2650}"
https://github.com/psf/requests,2741,3,d7a3aa618839e304c324e6092953131a1f43c647,"{""quality"": ""6.13"", ""num_modules"": 78, ""warnings"": 2650}"
https://github.com/psf/requests,2741,3,2c8721540ad70cadb3c71912b1ab8577f2f8fd53,"{""quality"": ""6.14"", ""num_modules"": 78, ""warnings"": 2650}"
https://github.com/psf/requests,2741,3,500f15da1fe54e3773be42f7770680d1f86b699f,"{""quality"": ""6.14"", ""num_modules"": 78, ""warnings"": 2650}"
https://github.com/psf/requests,2741,3,c80121df91997535f4c27f9c44c7aca10ad39af6,"{""quality"": ""6.14"", ""num_modules"": 78, ""warnings"": 2650}"
https://github.com/psf/requests,2741,3,fb496e4e86cafd78fd510e6d1ecf539c0545bcae,"{""quality"": ""6.13"", ""num_modules"": 78, ""warnings"": 2650}"
https://github.com/psf/requests,2741,3,f3d4480a33b367cf020b0ed447bca10797706094,"{""quality"": ""6.14"", ""num_modules"": 78, ""warnings"": 2650}"
https://github.com/psf/requests,2741,3,4c6540898c101a606e1a50e539f01a82163bdae0,"{""quality"": ""6.14"", ""num_modules"": 78, ""warnings"": 2650}"
https://github.com/psf/requests,2741,3,704a922fc2d77bbc1b24fe2a02ad6876bdc16d5c,"{""quality"": ""6.13"", ""num_modules"": 78, ""warnings"": 2650}"
https://github.com/psf/requests,2763,7,37037607b5f3da32ff1897caca3c38e210f04c37,"{""quality"": ""6.14"", ""num_modules"": 78, ""warnings"": 2650}"
https://github.com/psf/requests,2763,7,7a0cd16c1a5be16f3df395ee12ed11d0ddde7837,"{""quality"": ""6.13"", ""num_modules"": 78, ""warnings"": 2650}"
https://github.com/psf/requests,2763,7,1f48a4c9ea81d6b2128a7e1199be2dfbb81b643d,"{""quality"": ""6.13"", ""num_modules"": 78, ""warnings"": 2650}"
https://github.com/psf/requests,2953,8,cd84b3ff943f733c2e76bb047ab2d3a60cac5ba2,"{""quality"": ""6.34"", ""num_modules"": 79, ""warnings"": 2689}"
https://github.com/psf/requests,2953,8,396963ac7eb8078bae5c30d9cf596debef892c3d,"{""quality"": ""6.35"", ""num_modules"": 79, ""warnings"": 2689}"
https://github.com/psf/requests,2953,8,08364c6739ef94d245327acf88359de371bbf3ba,"{""quality"": ""6.35"", ""num_modules"": 79, ""warnings"": 2689}"
https://github.com/psf/requests,2953,8,39ee5d46dc05edec6d4cf9c2831b326b857fc0e4,"{""quality"": ""6.34"", ""num_modules"": 79, ""warnings"": 2689}"
https://github.com/psf/requests,2953,8,1c54014daff8fa237820d5c67dcbd1aa2f585927,"{""quality"": ""6.33"", ""num_modules"": 79, ""warnings"": 2689}"
https://github.com/psf/requests,2953,8,11b9b24ac9c6d7e2231493b3d8723de7715b0f2e,"{""quality"": ""6.34"", ""num_modules"": 79, ""warnings"": 2689}"
https://github.com/psf/requests,2953,8,e4d15c464929e87a6648c57f32c422dc5bfecef3,"{""quality"": ""6.34"", ""num_modules"": 79, ""warnings"": 2689}"
https://github.com/psf/requests,2953,8,a3acd30bcc284f02e5740b7ce9b4aa415af00bf5,"{""quality"": ""6.34"", ""num_modules"": 79, ""warnings"": 2689}"
https://github.com/psf/requests,2972,3,e6f218f3f6c365bc919218fae9d0726473043079,"{""quality"": ""6.27"", ""num_modules"": 78, ""warnings"": 2650}"
https://github.com/psf/requests,2972,3,5a18066c451ce6d5cd8a4b3dbcb229d7e3af2492,"{""quality"": ""6.27"", ""num_modules"": 78, ""warnings"": 2650}"
https://github.com/psf/requests,2972,3,6a8a480d6c535e8fd52526875296576c5309203c,"{""quality"": ""6.27"", ""num_modules"": 78, ""warnings"": 2650}"
https://github.com/psf/requests,2972,3,1f05867493215d51790f965419149e45ad765ac0,"{""quality"": ""6.26"", ""num_modules"": 78, ""warnings"": 2650}"
https://github.com/psf/requests,2972,3,56a1b55a42072eb594eb0cc969dc4b4a80b7fab2,"{""quality"": ""6.26"", ""num_modules"": 78, ""warnings"": 2650}"
https://github.com/psf/requests,3032,2,1185d6520248b8d553e2067d38de8f18762011f0,"{""quality"": ""6.28"", ""num_modules"": 78, ""warnings"": 2650}"
https://github.com/psf/requests,3032,2,d8b36c17185b61471eafa4f1b574a6995e8f38a8,"{""quality"": ""6.28"", ""num_modules"": 78, ""warnings"": 2650}"
https://github.com/psf/requests,3032,2,b9517a58bc0d0fe7884bf7f9f0ac79531d645261,"{""quality"": ""6.27"", ""num_modules"": 78, ""warnings"": 2650}"
https://github.com/psf/requests,3032,2,c53a685e7d2ff3ca73308acadf85bb5a32661894,"{""quality"": ""6.28"", ""num_modules"": 78, ""warnings"": 2650}"
https://github.com/psf/requests,3032,2,f74a6707afe6f14a9edfb63a0d464e4aa93aca8f,"{""quality"": ""6.28"", ""num_modules"": 78, ""warnings"": 2650}"
https://github.com/psf/requests,3036,4,e034dd1140cb6b6862d5ebc633ba94d332fc2bb2,"{""quality"": ""6.28"", ""num_modules"": 78, ""warnings"": 2650}"
https://github.com/psf/requests,3036,4,6cc0b56d51d13e2a8553f7abffa06e9fbaf795db,"{""quality"": ""6.28"", ""num_modules"": 78, ""warnings"": 2650}"
https://github.com/psf/requests,3036,4,90a166d44ae2d6b0887140f64c0c79051fd8c0f3,"{""quality"": ""6.27"", ""num_modules"": 78, ""warnings"": 2650}"
https://github.com/psf/requests,3082,4,2246a52a364b794f38daf073b085d7d669446e73,"{""quality"": ""6.27"", ""num_modules"": 78, ""warnings"": 2650}"
https://github.com/psf/requests,3082,4,fb230709a8d35d8d2973eab3365cb8f9664cfa90,"{""quality"": ""6.28"", ""num_modules"": 78, ""warnings"": 2650}"
https://github.com/psf/requests,3082,4,219490ea7fe0907bb12222e913cb4d1a63483e3c,"{""quality"": ""6.27"", ""num_modules"": 78, ""warnings"": 2650}"
https://github.com/psf/requests,3096,6,4c04469cfb22c31871b33c0344c73f636109fda9,"{""quality"": ""6.28"", ""num_modules"": 78, ""warnings"": 2650}"
https://github.com/psf/requests,3096,6,4f5741e1ffd8bef185582bcba6145493d4abab15,"{""quality"": ""6.27"", ""num_modules"": 78, ""warnings"": 2650}"
https://github.com/psf/requests,3096,6,c8a0fc6aa2131c9bfa7ac3903c01d522fca3d346,"{""quality"": ""6.28"", ""num_modules"": 78, ""warnings"": 2650}"
https://github.com/psf/requests,3096,6,b1a7dcd79915ec7a58043031da432b5841d4d8ec,"{""quality"": ""6.28"", ""num_modules"": 78, ""warnings"": 2650}"
https://github.com/psf/requests,3185,3,1121f8b915000d8fd60fb8015286b9c9fd8abebc,"{""quality"": ""6.40"", ""num_modules"": 80, ""warnings"": 2742}"
https://github.com/psf/requests,3185,3,4bf88661720782670e14a0904a28ee897180b429,"{""quality"": ""6.40"", ""num_modules"": 80, ""warnings"": 2742}"
https://github.com/psf/requests,3185,3,35744c3e5d212f8841be3a5ab7de3e3b37dda5bb,"{""quality"": ""6.41"", ""num_modules"": 80, ""warnings"": 2742}"
https://github.com/psf/requests,3195,3,17b6c5742ca7118858962d73220968a2e281b82e,"{""quality"": ""6.41"", ""num_modules"": 80, ""warnings"": 2742}"
https://github.com/psf/requests,3195,3,f59a95713ebefcbcf4baf247d9ef193d5e8b83b0,"{""quality"": ""6.41"", ""num_modules"": 80, ""warnings"": 2742}"
https://github.com/psf/requests,3195,3,b94decc47c1026067b99e4452ddabec1ad139845,"{""quality"": ""6.41"", ""num_modules"": 80, ""warnings"": 2742}"
https://github.com/psf/requests,3417,4,fd4332916fd980f522ef13790a8ae68e55b8dde9,"{""quality"": ""6.40"", ""num_modules"": 80, ""warnings"": 2742}"
https://github.com/psf/requests,3417,4,c418c4c4aa4e8491db814e5139b836d8b6b42811,"{""quality"": ""6.41"", ""num_modules"": 80, ""warnings"": 2742}"
https://github.com/psf/requests,3417,4,715830fe2113c74db3da071484fe23fab743c1fe,"{""quality"": ""6.41"", ""num_modules"": 80, ""warnings"": 2742}"
https://github.com/psf/requests,3535,4,af7729f64a97ab35e83a1a7971781e69d124d99e,"{""quality"": ""6.42"", ""num_modules"": 80, ""warnings"": 2742}"
https://github.com/psf/requests,3535,4,d4965a4ec6fc205f6a35aa2ff33514e4903fd3c4,"{""quality"": ""6.42"", ""num_modules"": 80, ""warnings"": 2742}"
https://github.com/psf/requests,3535,4,8873a090979ffb627b21d54c04e7ddd1943eea03,"{""quality"": ""6.42"", ""num_modules"": 80, ""warnings"": 2742}"
https://github.com/psf/requests,3535,4,99364b6b0b8d1ce5ac69121040e641db99d562d1,"{""quality"": ""6.42"", ""num_modules"": 80, ""warnings"": 2742}"
https://github.com/psf/requests,3535,4,f5c59743e7a45b68eaa82c83baaaed5607348afe,"{""quality"": ""6.42"", ""num_modules"": 80, ""warnings"": 2742}"
https://github.com/psf/requests,3598,3,b28531f4bb43b401e3e37e2da622aee21002e5b2,"{""quality"": ""6.41"", ""num_modules"": 80, ""warnings"": 2742}"
https://github.com/psf/requests,3598,3,01e405c6116c94d92057f7aaea58d51d1d7f90a7,"{""quality"": ""6.42"", ""num_modules"": 80, ""warnings"": 2742}"
https://github.com/psf/requests,3598,3,550dc190992e227c1b568dcd7a85a81ab7b7a3c0,"{""quality"": ""6.42"", ""num_modules"": 80, ""warnings"": 2742}"
https://github.com/psf/requests,3598,3,2af059797a33a1ee2132ed13e456413c18bc7aa2,"{""quality"": ""6.41"", ""num_modules"": 80, ""warnings"": 2742}"
https://github.com/psf/requests,3598,3,f002b73026bdc136654ba545296898af9a88007a,"{""quality"": ""6.41"", ""num_modules"": 81, ""warnings"": 2766}"
https://github.com/psf/requests,3598,3,3ac70defff233359fbd715ad6e02350c2519291d,"{""quality"": ""6.42"", ""num_modules"": 80, ""warnings"": 2742}"
https://github.com/psf/requests,3598,3,087aeacee570e3e3adc6103015d4f8b056705850,"{""quality"": ""6.41"", ""num_modules"": 80, ""warnings"": 2742}"
https://github.com/psf/requests,3620,5,dfb4ef7be0ff69f24cc3b3da2596acd41a450d26,"{""quality"": ""6.41"", ""num_modules"": 80, ""warnings"": 2742}"
https://github.com/psf/requests,3620,5,3c680cc1c6ca3005ae1bee929af330d3187f24c1,"{""quality"": ""-2.34"", ""num_modules"": 87, ""warnings"": 2943}"
https://github.com/psf/requests,3620,5,35056b1de6687e97ea1e84f2f4b8dc4d3e1f1ff8,"{""quality"": ""-2.34"", ""num_modules"": 87, ""warnings"": 2943}"
https://github.com/psf/requests,3620,5,27812eb90248c021d7277a8823dd9c7885f497af,"{""quality"": ""-2.33"", ""num_modules"": 87, ""warnings"": 2943}"
https://github.com/psf/requests,3620,5,49b69b57db6fa20291c15c7d5ad9d8efff513740,"{""quality"": ""-2.32"", ""num_modules"": 87, ""warnings"": 2943}"
https://github.com/psf/requests,3620,5,9337b4d95d23b66f04acdfec1b8a9cd41687d70f,"{""quality"": ""-2.32"", ""num_modules"": 87, ""warnings"": 2943}"
https://github.com/psf/requests,3620,5,110684ea024fa139b9e69324bfc7c7a0198973f3,"{""quality"": ""-2.32"", ""num_modules"": 87, ""warnings"": 2943}"
https://github.com/psf/requests,3620,5,8dd51d22fc42abf98f8e75ff5722f4b0295015e5,"{""quality"": ""-2.32"", ""num_modules"": 87, ""warnings"": 2943}"
https://github.com/psf/requests,3620,5,41b4658738e7177adf044e4c80fdf42acf7b6d38,"{""quality"": ""-2.32"", ""num_modules"": 87, ""warnings"": 2943}"
https://github.com/psf/requests,3620,5,e7f5bd634d3fa757f067b297a3d20f1760777a23,"{""quality"": ""-2.32"", ""num_modules"": 87, ""warnings"": 2943}"
https://github.com/psf/requests,3655,3,40402cd0dd044b640b984d25233e1095fae9ec16,"{""quality"": ""-2.30"", ""num_modules"": 87, ""warnings"": 2943}"
https://github.com/psf/requests,3655,3,9849c27b70b919bc5636745fa2ccddbaf4163ed6,"{""quality"": ""-2.29"", ""num_modules"": 87, ""warnings"": 2943}"
https://github.com/psf/requests,3655,3,38dd089c5f7a35bf6eed72f4e63820aed9eb7ca3,"{""quality"": ""-2.30"", ""num_modules"": 87, ""warnings"": 2943}"
https://github.com/psf/requests,3655,3,522d37c9597882db3fbd5fb08804b27b5fd8be4d,"{""quality"": ""-2.30"", ""num_modules"": 87, ""warnings"": 2943}"
https://github.com/psf/requests,3673,3,e514920e190bbda3ddd35242bf566e7d752725a1,"{""quality"": ""-2.30"", ""num_modules"": 87, ""warnings"": 2943}"
https://github.com/psf/requests,3673,3,329a5cfdd4500fb1ce405a3242ef95f9197d24ba,"{""quality"": ""-2.30"", ""num_modules"": 87, ""warnings"": 2943}"
https://github.com/psf/requests,3673,3,2185fac6261bd4a3e625f7bdb267696d7ba1bf56,"{""quality"": ""-2.30"", ""num_modules"": 87, ""warnings"": 2943}"
https://github.com/psf/requests,3673,3,37bde4b63869ad4635cbb9953a7d0c229f30daa1,"{""quality"": ""-2.29"", ""num_modules"": 87, ""warnings"": 2943}"
https://github.com/psf/requests,3673,3,bf3e960e159ad19af557b26abdf633b7b8117cad,"{""quality"": ""-2.30"", ""num_modules"": 87, ""warnings"": 2943}"
https://github.com/psf/requests,3673,3,7c4821231fcd8af8ef1cd835713933ef3ae58032,"{""quality"": ""-2.29"", ""num_modules"": 87, ""warnings"": 2943}"
https://github.com/psf/requests,3673,3,4f0efdb77e33b340ae9e478c456634ef628e665a,"{""quality"": ""-2.29"", ""num_modules"": 87, ""warnings"": 2943}"
https://github.com/psf/requests,3673,3,55dea233ce52457ff35654b9a01f188e0e695304,"{""quality"": ""-2.29"", ""num_modules"": 87, ""warnings"": 2943}"
https://github.com/psf/requests,3673,3,e15280e49d9ee15bd7b5f3a00862d5f0a720b8e1,"{""quality"": ""-2.30"", ""num_modules"": 87, ""warnings"": 2943}"
https://github.com/psf/requests,3673,3,3b84be3c99edf49c4770882b83726b98751ec1c3,"{""quality"": ""-2.29"", ""num_modules"": 87, ""warnings"": 2943}"
https://github.com/psf/requests,3673,3,005f93fd0f2ead34af4c42d245b0c2ed2f91ba09,"{""quality"": ""-2.29"", ""num_modules"": 87, ""warnings"": 2943}"
https://github.com/psf/requests,3697,2,248d3e9f0f8ea1657d9329f8b188a81ca2a65ecc,"{""quality"": ""-2.10"", ""num_modules"": 87, ""warnings"": 2943}"
https://github.com/psf/requests,3697,2,0d7de50dbd7eacb0242506454363c71925d7241a,"{""quality"": ""-2.09"", ""num_modules"": 87, ""warnings"": 2943}"
https://github.com/psf/requests,3697,2,be8b13e89b971b61a7aecabaaea599b44246377b,"{""quality"": ""-2.09"", ""num_modules"": 87, ""warnings"": 2943}"
https://github.com/psf/requests,3757,3,084fb05d52c9e244b395fc3f41888b1b1f00be65,"{""quality"": ""-2.01"", ""num_modules"": 88, ""warnings"": 2967}"
https://github.com/psf/requests,3757,3,eff932627c23dfda474e1027b441d9cd3e1ae18b,"{""quality"": ""-2.01"", ""num_modules"": 88, ""warnings"": 2967}"
https://github.com/psf/requests,3757,3,3bb25a1e0b33fbad4fe228db213317e86d39aa6d,"{""quality"": ""-2.02"", ""num_modules"": 88, ""warnings"": 2967}"
https://github.com/psf/requests,3757,3,354ac7ecaddc3158e8594ab8d8dc6991ff275c47,"{""quality"": ""-2.01"", ""num_modules"": 88, ""warnings"": 2967}"
https://github.com/psf/requests,3853,2,593734b77092439b533e8e0599be6d204867b751,"{""quality"": ""-1.33"", ""num_modules"": 90, ""warnings"": 3042}"
https://github.com/psf/requests,3853,2,b00d8bf474cf5e2850ba83a11b7e372dad4bf119,"{""quality"": ""-1.29"", ""num_modules"": 90, ""warnings"": 3042}"
https://github.com/psf/requests,3853,2,571d2c2cd7495e6fb81f656abdd2b3d3f593f1f0,"{""quality"": ""-1.33"", ""num_modules"": 90, ""warnings"": 3042}"
https://github.com/psf/requests,3897,4,bfb202527d5e63dfa08dc1aab2280c20b5151b4a,"{""quality"": ""-1.24"", ""num_modules"": 90, ""warnings"": 3042}"
https://github.com/psf/requests,3897,4,033dfc165d0c0946e95f5b3ac290c6c8fe3a813a,"{""quality"": ""-1.24"", ""num_modules"": 90, ""warnings"": 3042}"
https://github.com/psf/requests,3897,4,1003fdf0f2731bc6398678bec9ff0414ac1e00bc,"{""quality"": ""-1.25"", ""num_modules"": 90, ""warnings"": 3042}"
https://github.com/psf/requests,3897,4,f239fe754d92b5c229e740987ab8176e8de64af0,"{""quality"": ""-1.25"", ""num_modules"": 90, ""warnings"": 3042}"
https://github.com/psf/requests,3897,4,a52fe6586c0bcadb1610b93d39c454e0ff83cd0f,"{""quality"": ""-1.26"", ""num_modules"": 90, ""warnings"": 3042}"
https://github.com/psf/requests,3897,4,5a65a0dab1310fe5410c74bfca2f0c1d9262084d,"{""quality"": ""-1.25"", ""num_modules"": 90, ""warnings"": 3042}"
https://github.com/psf/requests,3897,4,64b66b6409928605236cf989678643f65daa0014,"{""quality"": ""-1.25"", ""num_modules"": 90, ""warnings"": 3042}"
https://github.com/psf/requests,3897,4,be2f92b9e300d0b5c7af0fed7d1f421b06676d3a,"{""quality"": ""-1.25"", ""num_modules"": 90, ""warnings"": 3042}"
https://github.com/psf/requests,3927,3,7d8b87c37f3a5fb993fd83eda6888ac217cd108e,"{""quality"": ""-1.23"", ""num_modules"": 90, ""warnings"": 3042}"
https://github.com/psf/requests,3927,3,42ec8b08f2446d0d69cb0c71816f6105dddc814d,"{""quality"": ""-1.22"", ""num_modules"": 90, ""warnings"": 3042}"
https://github.com/psf/requests,3927,3,4207867aaf917ed8d223064cc5c163dfe027dc00,"{""quality"": ""-1.23"", ""num_modules"": 90, ""warnings"": 3042}"
https://github.com/psf/requests,3943,3,a180db963f08ab1a3b1fd036b3cd5f6bae791a5a,"{""quality"": ""-1.22"", ""num_modules"": 90, ""warnings"": 3042}"
https://github.com/psf/requests,3943,3,fe58c6fdd6c476657a2f390d24a6ca9fb7fa4c9b,"{""quality"": ""-1.22"", ""num_modules"": 90, ""warnings"": 3042}"
https://github.com/psf/requests,3943,3,1e7ae063ce1b2368023baacd90dcb718611bd37d,"{""quality"": ""-1.22"", ""num_modules"": 90, ""warnings"": 3042}"
https://github.com/psf/requests,3943,3,4c13678587f1fa7b23ad5c765ddf3ea056d18eb1,"{""quality"": ""-1.22"", ""num_modules"": 90, ""warnings"": 3042}"
https://github.com/psf/requests,3943,3,93cb1ca763a6b1627e216a1f749fe1131f42a377,"{""quality"": ""-1.22"", ""num_modules"": 90, ""warnings"": 3042}"
https://github.com/psf/requests,3943,3,28768b945c9caaf021e95c3bd82ffc8ea15d1fde,"{""quality"": ""-1.22"", ""num_modules"": 90, ""warnings"": 3042}"
https://github.com/psf/requests,3943,3,1be6a17edc0580ca9a21bd820d391a5a7b28a96f,"{""quality"": ""-1.22"", ""num_modules"": 90, ""warnings"": 3042}"
https://github.com/psf/requests,3979,6,724fd44b975c5a078a186e79417656772a3f8ecc,"{""quality"": ""-1.23"", ""num_modules"": 90, ""warnings"": 3042}"
https://github.com/psf/requests,3979,6,4f34446b363d3dec84eedb410df79e5e3773cde9,"{""quality"": ""-1.23"", ""num_modules"": 90, ""warnings"": 3042}"
https://github.com/psf/requests,3979,6,1c38e1f5f64c5da8a39a890d9205dd49297a9914,"{""quality"": ""-1.24"", ""num_modules"": 90, ""warnings"": 3042}"
https://github.com/psf/requests,3979,6,5c389cf3f533846456de9f56d1fea5687a0e2671,"{""quality"": ""-1.23"", ""num_modules"": 90, ""warnings"": 3042}"
https://github.com/psf/requests,4059,4,3e32356716572e59c9f10c6c2622bedf5f48b07e,"{""quality"": ""0.38"", ""num_modules"": 96, ""warnings"": 3310}"
https://github.com/psf/requests,4059,4,e634ab73b27f111a1e280f6553a63620293340fa,"{""quality"": ""0.38"", ""num_modules"": 96, ""warnings"": 3310}"
https://github.com/psf/requests,4059,4,9fbfd22f6b6bf0075619e2181e66d557511b14d8,"{""quality"": ""0.39"", ""num_modules"": 96, ""warnings"": 3310}"
https://github.com/psf/requests,4059,4,7abfd92aeaeba82e1c527460b539667844fbb557,"{""quality"": ""0.39"", ""num_modules"": 96, ""warnings"": 3310}"
https://github.com/psf/requests,4066,4,ce64cce14ef5914216fe52a40496f47b4631d13c,"{""quality"": ""0.39"", ""num_modules"": 96, ""warnings"": 3310}"
https://github.com/psf/requests,4066,4,f41560c5d46e8cbb8d8f741b2f7d2da29a9d6b94,"{""quality"": ""0.39"", ""num_modules"": 96, ""warnings"": 3310}"
https://github.com/psf/requests,4066,4,dfd667df96f9d8102100fdf85292e6dbf4b4e22e,"{""quality"": ""0.39"", ""num_modules"": 96, ""warnings"": 3310}"
https://github.com/psf/requests,4066,4,a7239aab84b59534fb5e6eb7b83a97dcf913f8de,"{""quality"": ""0.39"", ""num_modules"": 96, ""warnings"": 3310}"
https://github.com/psf/requests,4066,4,c3367d1854208c37855622659ae0a621d9352af2,"{""quality"": ""0.39"", ""num_modules"": 96, ""warnings"": 3310}"
https://github.com/psf/requests,4067,3,8e17600ef60de4faf632acb55d15cb3c178de9bb,"{""quality"": ""6.54"", ""num_modules"": 15, ""warnings"": 244}"
https://github.com/psf/requests,4067,3,1ea27b35649571abb796f7cffbab83938d882a8d,"{""quality"": ""6.54"", ""num_modules"": 15, ""warnings"": 244}"
https://github.com/psf/requests,4067,3,628633143d5b8590b1dbdf5371fe81fb8250dffd,"{""quality"": ""6.54"", ""num_modules"": 15, ""warnings"": 244}"
https://github.com/psf/requests,4067,3,0bb200515c0fa9d5e12d21ea563ed5e134912bec,"{""quality"": ""6.54"", ""num_modules"": 15, ""warnings"": 244}"
https://github.com/psf/requests,4067,3,818daff12a8e2bfdabe620b08e0b252bd93d2c6a,"{""quality"": ""6.54"", ""num_modules"": 15, ""warnings"": 244}"
https://github.com/psf/requests,4067,3,6ef7298466076eb9e196ff430f9f1d2ddad44012,"{""quality"": ""6.56"", ""num_modules"": 15, ""warnings"": 244}"
https://github.com/psf/requests,4067,3,6c41633cfd5634be42c9026f4c206fc8c2bf5d84,"{""quality"": ""6.66"", ""num_modules"": 15, ""warnings"": 244}"
https://github.com/psf/requests,4067,3,1d31b361484b8db673f980d9589900874ec3fde8,"{""quality"": ""6.69"", ""num_modules"": 15, ""warnings"": 244}"
https://github.com/psf/requests,4067,3,8a2014e265d6c8036eb35958b22bf8bd4e2a2c9e,"{""quality"": ""6.69"", ""num_modules"": 15, ""warnings"": 244}"
https://github.com/psf/requests,4067,3,168109f13c135d719a0be21ce220534e4b657aed,"{""quality"": ""7.05"", ""num_modules"": 15, ""warnings"": 244}"
https://github.com/psf/requests,4067,3,47f170bb3502e1c48774d803cbff4add6a177dd7,"{""quality"": ""7.07"", ""num_modules"": 15, ""warnings"": 244}"
https://github.com/psf/requests,4067,3,f5f3e696abdd99da251f9b24e8fe063b12e2cb50,"{""quality"": ""7.07"", ""num_modules"": 15, ""warnings"": 244}"
https://github.com/psf/requests,4067,3,af52bf795e6d26a3819480938ffdeac466d754e8,"{""quality"": ""7.07"", ""num_modules"": 15, ""warnings"": 244}"
https://github.com/psf/requests,4067,3,6d3d5e59c9e1a37244ddce0e3d8b30a14d2a9974,"{""quality"": ""7.06"", ""num_modules"": 15, ""warnings"": 244}"
https://github.com/psf/requests,4067,3,c49ce5ae0b859a0a7702da490608e72c73f338e0,"{""quality"": ""7.06"", ""num_modules"": 15, ""warnings"": 244}"
https://github.com/psf/requests,4067,3,a00b7e4b25e041a62b634adc67cb02d7c3667c3e,"{""quality"": ""7.06"", ""num_modules"": 15, ""warnings"": 244}"
https://github.com/psf/requests,4067,3,0d7de6430eef0cf09f9662746daf0c28d83f144e,"{""quality"": ""7.05"", ""num_modules"": 16, ""warnings"": 258}"
https://github.com/psf/requests,4067,3,1f6de03baf534b21746b632a4d33889118fb73bb,"{""quality"": ""7.05"", ""num_modules"": 15, ""warnings"": 244}"
https://github.com/psf/requests,4067,3,de035b56f9c8376bb584ed4ffcaac6ab9ae0f042,"{""quality"": ""7.05"", ""num_modules"": 15, ""warnings"": 244}"
https://github.com/psf/requests,4067,3,2b34880e2fa3fe6006bf64517e036f5ed74478d6,"{""quality"": ""7.05"", ""num_modules"": 15, ""warnings"": 244}"
https://github.com/psf/requests,4067,3,d2713412e5ca97b68b7f38924cf902729ddbf96d,"{""quality"": ""7.05"", ""num_modules"": 15, ""warnings"": 244}"
https://github.com/psf/requests,4173,2,bacd043256a271c27d6f0d8d01a8b81c95631680,"{""quality"": ""7.01"", ""num_modules"": 17, ""warnings"": 274}"
https://github.com/psf/requests,4173,2,14a0bf291200e29d4f57a4571a746073d8275940,"{""quality"": ""7.01"", ""num_modules"": 17, ""warnings"": 274}"
https://github.com/psf/requests,4173,2,f58d473d4e5b2b5463b34b9c2254a7ebf6a49007,"{""quality"": ""7.01"", ""num_modules"": 17, ""warnings"": 274}"
https://github.com/psf/requests,4173,2,66f5aebd3521810cfa1fa96d8d894dafc065f247,"{""quality"": ""7.01"", ""num_modules"": 17, ""warnings"": 274}"
https://github.com/psf/requests,4240,5,cee8fae65efc1d4557d1b2291963a729444a5f42,"{""quality"": ""6.99"", ""num_modules"": 17, ""warnings"": 274}"
https://github.com/psf/requests,4240,5,ba21d149768909ffb63a5d5f9bd35f1f85a3371a,"{""quality"": ""6.98"", ""num_modules"": 17, ""warnings"": 274}"
https://github.com/psf/requests,4240,5,308343508b9b2e88e720477f0a31e752d246f3dd,"{""quality"": ""6.99"", ""num_modules"": 17, ""warnings"": 274}"
https://github.com/psf/requests,4240,5,e36083b89cf729a7dc12a3f505106141f4e58e02,"{""quality"": ""6.99"", ""num_modules"": 17, ""warnings"": 274}"
https://github.com/psf/requests,4240,5,cbc7c2d1c9ceaa0ae73a1da3ceb3b29ed278d785,"{""quality"": ""6.99"", ""num_modules"": 17, ""warnings"": 274}"
https://github.com/psf/requests,4240,5,d528106876ff0754edde90e081bdb28341cb3ae5,"{""quality"": ""6.99"", ""num_modules"": 17, ""warnings"": 274}"
https://github.com/psf/requests,4349,3,d3f14af44d9460a17c79de19ebdb65b3eec2e534,"{""quality"": ""6.99"", ""num_modules"": 17, ""warnings"": 274}"
https://github.com/psf/requests,4349,3,af88af64e6c5bc026247f18e2e6de20605f51e7f,"{""quality"": ""6.99"", ""num_modules"": 17, ""warnings"": 274}"
https://github.com/psf/requests,4349,3,e11989e8ec5885ea36b9be25641fbd4ce9f0c4dd,"{""quality"": ""6.99"", ""num_modules"": 17, ""warnings"": 274}"
https://github.com/psf/requests,4349,3,d165b18b6e0c1aaabd8f652f88308008769f6625,"{""quality"": ""6.99"", ""num_modules"": 17, ""warnings"": 274}"
https://github.com/psf/requests,4349,3,2afc1cb37bb6c34e054db69757234d68a58b5cae,"{""quality"": ""7.01"", ""num_modules"": 17, ""warnings"": 274}"
https://github.com/psf/requests,4377,4,b2fb521fdd4f02988c115904bbf9140f8d057232,"{""quality"": ""7.01"", ""num_modules"": 17, ""warnings"": 274}"
https://github.com/psf/requests,4377,4,d3ab04d4acb5a17d4cd9389050284cdc8f68fd3c,"{""quality"": ""7.03"", ""num_modules"": 17, ""warnings"": 274}"
https://github.com/psf/requests,4377,4,39cbda0c4c322bd5f082d93c33eb62996d8b6c94,"{""quality"": ""7.03"", ""num_modules"": 17, ""warnings"": 274}"
https://github.com/psf/requests,4377,4,4d6a91b0f13c5d45f2c2f16e1b5fdebadb2efe2c,"{""quality"": ""7.04"", ""num_modules"": 17, ""warnings"": 274}"
https://github.com/psf/requests,4377,4,3ae8ab8bed447c66c913e10f8c380521e43cd4ed,"{""quality"": ""7.04"", ""num_modules"": 17, ""warnings"": 274}"
https://github.com/psf/requests,4377,4,82f1dbb9ad8161b74bf538ff3cea3c3da74502df,"{""quality"": ""7.04"", ""num_modules"": 17, ""warnings"": 274}"
https://github.com/psf/requests,4377,4,5db7104bdb9a48f12e1f9213809bc70ed7051275,"{""quality"": ""7.04"", ""num_modules"": 17, ""warnings"": 274}"
https://github.com/psf/requests,4377,4,7e1fb0228addcc85ffa5efd28bc8d5c706df6c95,"{""quality"": ""7.04"", ""num_modules"": 17, ""warnings"": 274}"
https://github.com/psf/requests,4442,4,d8666e190631b5330c2851bd354d07831afba114,"{""quality"": ""7.08"", ""num_modules"": 17, ""warnings"": 274}"
https://github.com/psf/requests,4442,4,cef08304197b8b8747015d94a1700716202355ee,"{""quality"": ""7.08"", ""num_modules"": 17, ""warnings"": 274}"
https://github.com/psf/requests,4442,4,19cfec28a8ee8f2044a883bc25406f7865fffeac,"{""quality"": ""7.08"", ""num_modules"": 17, ""warnings"": 274}"
https://github.com/psf/requests,4442,4,2dc51c887f304c7718bb025ceca1448798283bb3,"{""quality"": ""7.08"", ""num_modules"": 17, ""warnings"": 274}"
https://github.com/psf/requests,4442,4,1988d9cf72c3a3a6da87968e04ad57fb32df01cb,"{""quality"": ""7.08"", ""num_modules"": 17, ""warnings"": 274}"
https://github.com/psf/requests,4442,4,071796d83f1bfb79793170945fdb4f623a1f344a,"{""quality"": ""7.08"", ""num_modules"": 17, ""warnings"": 274}"
https://github.com/psf/requests,4442,4,80a790443e693d982296db93ceebc9135b6efb9c,"{""quality"": ""7.07"", ""num_modules"": 17, ""warnings"": 274}"
https://github.com/psf/requests,4442,4,cb0914407b6bb8153c8be5d52bc497e1d10b04ac,"{""quality"": ""7.08"", ""num_modules"": 17, ""warnings"": 274}"
https://github.com/psf/requests,4442,4,7deee699ada6e5ec0d41c7561d9b5fa4cd80e535,"{""quality"": ""7.08"", ""num_modules"": 17, ""warnings"": 274}"
https://github.com/psf/requests,4442,4,e0ab287317fcde8fa4631bc7bee5aa1749bc4ac5,"{""quality"": ""7.08"", ""num_modules"": 17, ""warnings"": 274}"
https://github.com/psf/requests,4835,4,89ab030cdb83a728a30e172bc65d27ba214d2eda,"{""quality"": ""7.08"", ""num_modules"": 17, ""warnings"": 274}"
https://github.com/psf/requests,4835,4,6ae8a2189235b62d7c5b2a6b95528750f046097c,"{""quality"": ""7.08"", ""num_modules"": 17, ""warnings"": 274}"
https://github.com/psf/requests,4835,4,7fd9267b3bab1d45f5e4ac0953629c5531ecbc55,"{""quality"": ""7.12"", ""num_modules"": 17, ""warnings"": 274}"
https://github.com/psf/requests,4835,4,bd840450c0d1e9db3bf62382c15d96378cc3a056,"{""quality"": ""7.12"", ""num_modules"": 17, ""warnings"": 274}"
https://github.com/psf/requests,4987,5,177f4dd2a497e3db0e9d62ed0958183f4e9609c9,"{""quality"": ""7.12"", ""num_modules"": 17, ""warnings"": 274}"
https://github.com/psf/requests,4987,5,fd926e74c3879776bcba42ac6f204302417aa1e8,"{""quality"": ""7.12"", ""num_modules"": 17, ""warnings"": 274}"
https://github.com/psf/requests,4987,5,aa21dbe7fc03737b8ffd0c3d2b8da1cef02fa364,"{""quality"": ""7.12"", ""num_modules"": 17, ""warnings"": 274}"
https://github.com/psf/requests,4987,5,c19c394ac1adc1de9257e637716fa6e20c3eda7b,"{""quality"": ""7.12"", ""num_modules"": 17, ""warnings"": 274}"
https://github.com/psf/requests,4987,5,8b773a4fed7fa58be984d55511f8e9247cfa4202,"{""quality"": ""7.12"", ""num_modules"": 17, ""warnings"": 274}"
https://github.com/psf/requests,4987,5,67a0e90b6b5f5a4bec5fdd744a0a662892e92830,"{""quality"": ""7.13"", ""num_modules"": 17, ""warnings"": 274}"
https://github.com/psf/requests,4987,5,2e633471f162b2867d2a6868bc8b0fa8cd0dacf6,"{""quality"": ""7.13"", ""num_modules"": 17, ""warnings"": 274}"
https://github.com/psf/requests,4987,5,663aa1162bfd84e15bbf1d606dd5ecdb92238489,"{""quality"": ""7.12"", ""num_modules"": 17, ""warnings"": 274}"
https://github.com/psf/requests,4987,5,4a59cd095071c52200158e164c4ef067bed876ce,"{""quality"": ""7.12"", ""num_modules"": 17, ""warnings"": 274}"
https://github.com/psf/requests,4987,5,96ff7ca31f872d53518324ad2c8dcb8a3392a6fd,"{""quality"": ""7.13"", ""num_modules"": 17, ""warnings"": 274}"
https://github.com/psf/requests,4987,5,6d2a5072ca0851e37f7c529f27d13edfddc8c1dd,"{""quality"": ""7.13"", ""num_modules"": 17, ""warnings"": 274}"
https://github.com/psf/requests,4987,5,d889b98eaee2c8dc46357bcc8788a73aaacd84dd,"{""quality"": ""7.13"", ""num_modules"": 17, ""warnings"": 274}"
https://github.com/psf/requests,4987,5,27b24f974f97272c65f0449ae08976d5815dceaf,"{""quality"": ""7.13"", ""num_modules"": 17, ""warnings"": 274}"
https://github.com/psf/requests,4987,5,a0d58026e0f57dc1c490c0476e3c367e9055123a,"{""quality"": ""7.12"", ""num_modules"": 17, ""warnings"": 274}"
https://github.com/psf/requests,4987,5,df918c066fa275abc2bb0c960647dc064d136a01,"{""quality"": ""7.14"", ""num_modules"": 17, ""warnings"": 274}"
https://github.com/psf/requests,5092,6,a91905d78e1eb33af3614b24b0405ebf1f20e58d,"{""quality"": ""7.13"", ""num_modules"": 17, ""warnings"": 274}"
https://github.com/psf/requests,5092,6,68e581f1b5b4425a0ee950a2433fc3c92e671d0f,"{""quality"": ""7.13"", ""num_modules"": 17, ""warnings"": 274}"
https://github.com/psf/requests,5092,6,aeda65bbe57ac5edbcc2d80db85d010befb7d419,"{""quality"": ""7.13"", ""num_modules"": 17, ""warnings"": 274}"
https://github.com/psf/requests,5437,4,b947d18bc78e5f100365e4978f115966610049a0,"{""quality"": ""7.14"", ""num_modules"": 17, ""warnings"": 274}"
https://github.com/psf/requests,5437,4,7aefd5bed9b0c33cdeb662cd5f7ac754c606d00c,"{""quality"": ""7.13"", ""num_modules"": 17, ""warnings"": 274}"
https://github.com/psf/requests,5437,4,c7ed9fd425bec36c6737bd78b95fdcca23e55334,"{""quality"": ""7.14"", ""num_modules"": 17, ""warnings"": 274}"
https://github.com/psf/requests,5810,2,491b4889183674ac981ac41d89b183f71341950c,"{""quality"": ""7.13"", ""num_modules"": 17, ""warnings"": 274}"
https://github.com/psf/requests,5810,2,3099b4b02bf4f49120de56a609afad056ba55b2a,"{""quality"": ""7.13"", ""num_modules"": 17, ""warnings"": 274}"
https://github.com/psf/requests,5810,2,4fb8f02b559a99cc058aab26e6cd1917a5c391a3,"{""quality"": ""7.14"", ""num_modules"": 17, ""warnings"": 274}"
https://github.com/psf/requests,5810,2,20ae6dc5dc033236e981f082c521a5f4d26df60d,"{""quality"": ""7.12"", ""num_modules"": 17, ""warnings"": 274}"
https://github.com/psf/requests,5810,2,8d69d7ec05f9a23db772cff5d1592d43018b2985,"{""quality"": ""7.12"", ""num_modules"": 17, ""warnings"": 274}"
