URL,PullNo,Participants,File,Analysis,CCN,LOC,Tokens,Functions
https://github.com/httpie/httpie,45,2,httpie/pretty.py,"[{'commit': '2d7f2c65a22edbe84f269069c53dc06d80272259', 'analysis': {'ccn': 7, 'avg_ccn': 2.3333333333333335, 'avg_loc': 7.0, 'avg_tokens': 44.666666666666664, 'num_funs': 3, 'loc': 37, 'tokens': 232, 'ext': 'py', 'blanks': 9, 'comments': 1, 'file_path': 'httpie/pretty.py'}}, {'commit': '4aa86cb438603850bc8864b529572c58255296d6', 'analysis': {'ccn': 2, 'avg_ccn': 2.0, 'avg_loc': 6.0, 'avg_tokens': 30.0, 'num_funs': 1, 'loc': 21, 'tokens': 120, 'ext': 'py', 'blanks': 9, 'comments': 0, 'file_path': 'httpie/pretty.py'}}, {'commit': 'bced559496de7735b6cc37c77bf00d5c241542c0', 'analysis': {'ccn': 7, 'avg_ccn': 2.3333333333333335, 'avg_loc': 7.0, 'avg_tokens': 44.666666666666664, 'num_funs': 3, 'loc': 36, 'tokens': 228, 'ext': 'py', 'blanks': 12, 'comments': 1, 'file_path': 'httpie/pretty.py'}}, {'commit': 'd89eeb0796b5dd3d009a8eb202628ac136e32d86', 'analysis': {'ccn': 7, 'avg_ccn': 2.3333333333333335, 'avg_loc': 7.0, 'avg_tokens': 44.666666666666664, 'num_funs': 3, 'loc': 36, 'tokens': 228, 'ext': 'py', 'blanks': 12, 'comments': 1, 'file_path': 'httpie/pretty.py'}}]",0.0,0.0,0.0,0
https://github.com/httpie/httpie,45,2,httpie/__main__.py,"[{'commit': '4aa86cb438603850bc8864b529572c58255296d6', 'analysis': {'ccn': 31, 'avg_ccn': 10.333333333333334, 'avg_loc': 25.666666666666668, 'avg_tokens': 198.66666666666666, 'num_funs': 3, 'loc': 96, 'tokens': 719, 'ext': 'py', 'blanks': 25, 'comments': 5, 'file_path': 'httpie/__main__.py'}}, {'commit': 'bced559496de7735b6cc37c77bf00d5c241542c0', 'analysis': {'ccn': 31, 'avg_ccn': 10.333333333333334, 'avg_loc': 25.0, 'avg_tokens': 196.0, 'num_funs': 3, 'loc': 94, 'tokens': 711, 'ext': 'py', 'blanks': 25, 'comments': 5, 'file_path': 'httpie/__main__.py'}}]",0.0,0.6666666666666679,2.666666666666657,0
https://github.com/httpie/httpie,45,2,httpie/httpmessage.py,"[{'commit': '4aa86cb438603850bc8864b529572c58255296d6', 'analysis': {'ccn': 9, 'avg_ccn': 2.25, 'avg_loc': 8.25, 'avg_tokens': 63.75, 'num_funs': 4, 'loc': 57, 'tokens': 425, 'ext': 'py', 'blanks': 11, 'comments': 6, 'file_path': 'httpie/httpmessage.py'}}, {'commit': 'bced559496de7735b6cc37c77bf00d5c241542c0', 'analysis': {'ccn': 9, 'avg_ccn': 2.25, 'avg_loc': 8.25, 'avg_tokens': 62.75, 'num_funs': 4, 'loc': 51, 'tokens': 385, 'ext': 'py', 'blanks': 12, 'comments': 5, 'file_path': 'httpie/httpmessage.py'}}]",0.0,0.0,1.0,0
https://github.com/httpie/httpie,171,2,httpie/input.py,"[{'commit': '711168a899819105c2a61d132dda7a037aaf2301', 'analysis': {'ccn': 110, 'avg_ccn': 4.230769230769231, 'avg_loc': 11.461538461538462, 'avg_tokens': 82.53846153846153, 'num_funs': 26, 'loc': 398, 'tokens': 2451, 'ext': 'py', 'blanks': 131, 'comments': 109, 'file_path': 'httpie/input.py'}}, {'commit': '8a52bef559e58d98efa1bd6e12be0c060f95f4d7', 'analysis': {'ccn': 111, 'avg_ccn': 4.269230769230769, 'avg_loc': 11.692307692307692, 'avg_tokens': 83.88461538461539, 'num_funs': 26, 'loc': 404, 'tokens': 2486, 'ext': 'py', 'blanks': 131, 'comments': 110, 'file_path': 'httpie/input.py'}}]",-0.038461538461538325,-0.23076923076922995,-1.3461538461538538,0
https://github.com/httpie/httpie,568,5,httpie/cli.py,"[{'commit': 'b0fde07cfd8676a75292188dd8bedab7de74e6f2', 'analysis': {'ccn': 4, 'avg_ccn': 1.0, 'avg_loc': 2.5, 'avg_tokens': 24.75, 'num_funs': 4, 'loc': 565, 'tokens': 1282, 'ext': 'py', 'blanks': 126, 'comments': 210, 'file_path': 'httpie/cli.py'}}, {'commit': 'a4f796fe6913497a7e212ce8d07837037adcc135', 'analysis': {'ccn': 4, 'avg_ccn': 1.0, 'avg_loc': 2.5, 'avg_tokens': 24.75, 'num_funs': 4, 'loc': 567, 'tokens': 1292, 'ext': 'py', 'blanks': 126, 'comments': 210, 'file_path': 'httpie/cli.py'}}, {'commit': '9886f01f91b9007e9b21601264b9c42fecc0d9f7', 'analysis': {'ccn': 4, 'avg_ccn': 1.0, 'avg_loc': 2.5, 'avg_tokens': 24.75, 'num_funs': 4, 'loc': 567, 'tokens': 1294, 'ext': 'py', 'blanks': 126, 'comments': 210, 'file_path': 'httpie/cli.py'}}]",0.0,0.0,0.0,0
https://github.com/httpie/httpie,568,5,httpie/output/formatters/colors.py,"[{'commit': 'b0fde07cfd8676a75292188dd8bedab7de74e6f2', 'analysis': {'ccn': 17, 'avg_ccn': 3.4, 'avg_loc': 10.0, 'avg_tokens': 61.6, 'num_funs': 5, 'loc': 82, 'tokens': 464, 'ext': 'py', 'blanks': 21, 'comments': 11, 'file_path': 'httpie/output/formatters/colors.py'}}, {'commit': 'a4f796fe6913497a7e212ce8d07837037adcc135', 'analysis': {'ccn': 17, 'avg_ccn': 3.4, 'avg_loc': 10.0, 'avg_tokens': 61.6, 'num_funs': 5, 'loc': 204, 'tokens': 1134, 'ext': 'py', 'blanks': 33, 'comments': 29, 'file_path': 'httpie/output/formatters/colors.py'}}, {'commit': '9886f01f91b9007e9b21601264b9c42fecc0d9f7', 'analysis': {'ccn': 17, 'avg_ccn': 3.4, 'avg_loc': 10.0, 'avg_tokens': 61.6, 'num_funs': 5, 'loc': 211, 'tokens': 1181, 'ext': 'py', 'blanks': 35, 'comments': 30, 'file_path': 'httpie/output/formatters/colors.py'}}, {'commit': '02209c2db1b4399c17f50718cc19fb37461eba39', 'analysis': {'ccn': 17, 'avg_ccn': 3.4, 'avg_loc': 10.0, 'avg_tokens': 61.6, 'num_funs': 5, 'loc': 211, 'tokens': 1178, 'ext': 'py', 'blanks': 35, 'comments': 30, 'file_path': 'httpie/output/formatters/colors.py'}}]",0.0,0.0,0.0,0
https://github.com/httpie/httpie,739,3,httpie/cli.py,"[{'commit': 'ff331dbda6665ddffdc94d925cf67a0abf675a1b', 'analysis': {'ccn': 4, 'avg_ccn': 1.0, 'avg_loc': 2.5, 'avg_tokens': 24.75, 'num_funs': 4, 'loc': 589, 'tokens': 1334, 'ext': 'py', 'blanks': 133, 'comments': 219, 'file_path': 'httpie/cli.py'}}, {'commit': '569d79ac12e13d83bffe6f69119025c744a264b8', 'analysis': {'ccn': 4, 'avg_ccn': 1.0, 'avg_loc': 2.5, 'avg_tokens': 24.75, 'num_funs': 4, 'loc': 603, 'tokens': 1352, 'ext': 'py', 'blanks': 135, 'comments': 226, 'file_path': 'httpie/cli.py'}}]",0.0,0.0,0.0,0
https://github.com/httpie/httpie,739,3,httpie/client.py,"[{'commit': '2be0a3f1544e03b8a5853afcb9d145dcec0aa6a6', 'analysis': {'ccn': 43, 'avg_ccn': 4.3, 'avg_loc': 12.0, 'avg_tokens': 80.8, 'num_funs': 10, 'loc': 143, 'tokens': 918, 'ext': 'py', 'blanks': 40, 'comments': 62, 'file_path': 'httpie/client.py'}}, {'commit': '569d79ac12e13d83bffe6f69119025c744a264b8', 'analysis': {'ccn': 47, 'avg_ccn': 4.2727272727272725, 'avg_loc': 11.636363636363637, 'avg_tokens': 77.63636363636364, 'num_funs': 11, 'loc': 153, 'tokens': 969, 'ext': 'py', 'blanks': 42, 'comments': 72, 'file_path': 'httpie/client.py'}}]",0.027272727272727337,0.3636363636363633,3.163636363636357,-1
https://github.com/httpie/httpie,739,3,httpie/__init__.py,"[{'commit': 'ff331dbda6665ddffdc94d925cf67a0abf675a1b', 'analysis': {'ccn': 0, 'avg_ccn': 0, 'avg_loc': 0, 'avg_tokens': 0, 'num_funs': 0, 'loc': 23, 'tokens': 66, 'ext': 'py', 'blanks': 8, 'comments': 6, 'file_path': 'httpie/__init__.py'}}, {'commit': '569d79ac12e13d83bffe6f69119025c744a264b8', 'analysis': {'ccn': 0, 'avg_ccn': 0, 'avg_loc': 0, 'avg_tokens': 0, 'num_funs': 0, 'loc': 23, 'tokens': 66, 'ext': 'py', 'blanks': 8, 'comments': 6, 'file_path': 'httpie/__init__.py'}}]",0,0,0,0
https://github.com/httpie/httpie,739,3,httpie/core.py,"[{'commit': 'ff331dbda6665ddffdc94d925cf67a0abf675a1b', 'analysis': {'ccn': 58, 'avg_ccn': 9.666666666666666, 'avg_loc': 30.166666666666668, 'avg_tokens': 157.66666666666666, 'num_funs': 6, 'loc': 209, 'tokens': 1027, 'ext': 'py', 'blanks': 38, 'comments': 34, 'file_path': 'httpie/core.py'}}, {'commit': '569d79ac12e13d83bffe6f69119025c744a264b8', 'analysis': {'ccn': 57, 'avg_ccn': 9.5, 'avg_loc': 30.166666666666668, 'avg_tokens': 157.33333333333334, 'num_funs': 6, 'loc': 208, 'tokens': 1015, 'ext': 'py', 'blanks': 38, 'comments': 34, 'file_path': 'httpie/core.py'}}]",0.16666666666666607,0.0,0.3333333333333144,0
https://github.com/httpie/httpie,739,3,httpie/input.py,"[{'commit': 'ff331dbda6665ddffdc94d925cf67a0abf675a1b', 'analysis': {'ccn': 126, 'avg_ccn': 4.064516129032258, 'avg_loc': 11.161290322580646, 'avg_tokens': 78.2258064516129, 'num_funs': 31, 'loc': 521, 'tokens': 3171, 'ext': 'py', 'blanks': 146, 'comments': 117, 'file_path': 'httpie/input.py'}}, {'commit': '569d79ac12e13d83bffe6f69119025c744a264b8', 'analysis': {'ccn': 122, 'avg_ccn': 4.066666666666666, 'avg_loc': 11.3, 'avg_tokens': 78.43333333333334, 'num_funs': 30, 'loc': 513, 'tokens': 3087, 'ext': 'py', 'blanks': 146, 'comments': 115, 'file_path': 'httpie/input.py'}}]",-0.0021505376344084226,-0.1387096774193548,-0.20752688172044031,1
https://github.com/httpie/httpie,739,3,httpie/sessions.py,"[{'commit': 'ff331dbda6665ddffdc94d925cf67a0abf675a1b', 'analysis': {'ccn': 22, 'avg_ccn': 2.4444444444444446, 'avg_loc': 7.555555555555555, 'avg_tokens': 48.888888888888886, 'num_funs': 9, 'loc': 125, 'tokens': 763, 'ext': 'py', 'blanks': 32, 'comments': 22, 'file_path': 'httpie/sessions.py'}}, {'commit': '569d79ac12e13d83bffe6f69119025c744a264b8', 'analysis': {'ccn': 22, 'avg_ccn': 2.4444444444444446, 'avg_loc': 7.555555555555555, 'avg_tokens': 48.888888888888886, 'num_funs': 9, 'loc': 125, 'tokens': 763, 'ext': 'py', 'blanks': 32, 'comments': 22, 'file_path': 'httpie/sessions.py'}}]",0.0,0.0,0.0,0
https://github.com/httpie/httpie,739,3,tests/test_binary.py,"[{'commit': 'ff331dbda6665ddffdc94d925cf67a0abf675a1b', 'analysis': {'ccn': 6, 'avg_ccn': 1.0, 'avg_loc': 5.333333333333333, 'avg_tokens': 45.333333333333336, 'num_funs': 6, 'loc': 39, 'tokens': 309, 'ext': 'py', 'blanks': 11, 'comments': 1, 'file_path': 'tests/test_binary.py'}}, {'commit': '569d79ac12e13d83bffe6f69119025c744a264b8', 'analysis': {'ccn': 6, 'avg_ccn': 1.0, 'avg_loc': 5.333333333333333, 'avg_tokens': 45.333333333333336, 'num_funs': 6, 'loc': 39, 'tokens': 309, 'ext': 'py', 'blanks': 11, 'comments': 1, 'file_path': 'tests/test_binary.py'}}]",0.0,0.0,0.0,0
https://github.com/httpie/httpie,739,3,tests/test_output.py,"[{'commit': 'ff331dbda6665ddffdc94d925cf67a0abf675a1b', 'analysis': {'ccn': 22, 'avg_ccn': 1.1, 'avg_loc': 4.9, 'avg_tokens': 38.6, 'num_funs': 20, 'loc': 134, 'tokens': 1015, 'ext': 'py', 'blanks': 34, 'comments': 11, 'file_path': 'tests/test_output.py'}}, {'commit': '569d79ac12e13d83bffe6f69119025c744a264b8', 'analysis': {'ccn': 22, 'avg_ccn': 1.1, 'avg_loc': 4.9, 'avg_tokens': 38.6, 'num_funs': 20, 'loc': 134, 'tokens': 1015, 'ext': 'py', 'blanks': 34, 'comments': 11, 'file_path': 'tests/test_output.py'}}]",0.0,0.0,0.0,0
https://github.com/httpie/httpie,739,3,tests/test_ssl.py,"[{'commit': 'ff331dbda6665ddffdc94d925cf67a0abf675a1b', 'analysis': {'ccn': 14, 'avg_ccn': 1.1666666666666667, 'avg_loc': 4.333333333333333, 'avg_tokens': 25.083333333333332, 'num_funs': 12, 'loc': 83, 'tokens': 501, 'ext': 'py', 'blanks': 23, 'comments': 9, 'file_path': 'tests/test_ssl.py'}}, {'commit': '569d79ac12e13d83bffe6f69119025c744a264b8', 'analysis': {'ccn': 14, 'avg_ccn': 1.1666666666666667, 'avg_loc': 4.333333333333333, 'avg_tokens': 24.583333333333332, 'num_funs': 12, 'loc': 83, 'tokens': 495, 'ext': 'py', 'blanks': 23, 'comments': 9, 'file_path': 'tests/test_ssl.py'}}]",0.0,0.0,0.5,0
https://github.com/httpie/httpie,739,3,tests/utils.py,"[{'commit': 'ff331dbda6665ddffdc94d925cf67a0abf675a1b', 'analysis': {'ccn': 36, 'avg_ccn': 4.0, 'avg_loc': 12.88888888888889, 'avg_tokens': 72.55555555555556, 'num_funs': 9, 'loc': 168, 'tokens': 794, 'ext': 'py', 'blanks': 49, 'comments': 57, 'file_path': 'tests/utils.py'}}, {'commit': '569d79ac12e13d83bffe6f69119025c744a264b8', 'analysis': {'ccn': 36, 'avg_ccn': 4.0, 'avg_loc': 13.11111111111111, 'avg_tokens': 74.11111111111111, 'num_funs': 9, 'loc': 169, 'tokens': 800, 'ext': 'py', 'blanks': 49, 'comments': 57, 'file_path': 'tests/utils.py'}}]",0.0,-0.22222222222222143,-1.5555555555555571,0
https://github.com/httpie/httpie,927,2,httpie/cli/constants.py,"[{'commit': 'c1537e8285ce4dd99c2c7b33b5424459c4a08d34', 'analysis': {'ccn': 0, 'avg_ccn': 0, 'avg_loc': 0, 'avg_tokens': 0, 'num_funs': 0, 'loc': 70, 'tokens': 202, 'ext': 'py', 'blanks': 18, 'comments': 14, 'file_path': 'httpie/cli/constants.py'}}, {'commit': '4cd97a6f122cd4231f2f3a41aed6baa549d78426', 'analysis': {'ccn': 0, 'avg_ccn': 0, 'avg_loc': 0, 'avg_tokens': 0, 'num_funs': 0, 'loc': 70, 'tokens': 202, 'ext': 'py', 'blanks': 18, 'comments': 14, 'file_path': 'httpie/cli/constants.py'}}]",0,0,0,0
https://github.com/httpie/httpie,927,2,tests/test_uploads.py,"[{'commit': 'c1537e8285ce4dd99c2c7b33b5424459c4a08d34', 'analysis': {'ccn': 8, 'avg_ccn': 1.0, 'avg_loc': 5.375, 'avg_tokens': 35.375, 'num_funs': 8, 'loc': 75, 'tokens': 451, 'ext': 'py', 'blanks': 15, 'comments': 6, 'file_path': 'tests/test_uploads.py'}}, {'commit': 'c297cb8bb4f53fa93489e1b6bf564f8f5c8be20b', 'analysis': {'ccn': 8, 'avg_ccn': 1.0, 'avg_loc': 5.375, 'avg_tokens': 31.875, 'num_funs': 8, 'loc': 75, 'tokens': 423, 'ext': 'py', 'blanks': 15, 'comments': 6, 'file_path': 'tests/test_uploads.py'}}]",0.0,0.0,3.5,0
https://github.com/httpie/httpie,929,3,tests/test_sessions.py,"[{'commit': '3e23388483a21bec75428da58c74276672db68c3', 'analysis': {'ccn': 14, 'avg_ccn': 1.0769230769230769, 'avg_loc': 10.307692307692308, 'avg_tokens': 74.53846153846153, 'num_funs': 13, 'loc': 151, 'tokens': 1035, 'ext': 'py', 'blanks': 39, 'comments': 31, 'file_path': 'tests/test_sessions.py'}}, {'commit': '78170138c35506b7f32638eaad52184df746f4c1', 'analysis': {'ccn': 15, 'avg_ccn': 1.0714285714285714, 'avg_loc': 9.714285714285714, 'avg_tokens': 70.35714285714286, 'num_funs': 14, 'loc': 171, 'tokens': 1212, 'ext': 'py', 'blanks': 41, 'comments': 31, 'file_path': 'tests/test_sessions.py'}}, {'commit': '340f083b015222cdadc40035689dfd11cee200a2', 'analysis': {'ccn': 15, 'avg_ccn': 1.0714285714285714, 'avg_loc': 9.714285714285714, 'avg_tokens': 70.78571428571429, 'num_funs': 14, 'loc': 180, 'tokens': 1290, 'ext': 'py', 'blanks': 41, 'comments': 31, 'file_path': 'tests/test_sessions.py'}}, {'commit': '561a640e6fcce9843b99e9159f1ad67dc000bf02', 'analysis': {'ccn': 16, 'avg_ccn': 1.0666666666666667, 'avg_loc': 9.466666666666667, 'avg_tokens': 69.33333333333333, 'num_funs': 15, 'loc': 194, 'tokens': 1401, 'ext': 'py', 'blanks': 43, 'comments': 31, 'file_path': 'tests/test_sessions.py'}}, {'commit': 'bab15ce2a1c00bd40678ec3f3b827c938524bc5a', 'analysis': {'ccn': 16, 'avg_ccn': 1.0666666666666667, 'avg_loc': 9.466666666666667, 'avg_tokens': 69.2, 'num_funs': 15, 'loc': 186, 'tokens': 1304, 'ext': 'py', 'blanks': 41, 'comments': 31, 'file_path': 'tests/test_sessions.py'}}, {'commit': '4fec25cd717a1dc286deff15953a43c787485697', 'analysis': {'ccn': 16, 'avg_ccn': 1.0666666666666667, 'avg_loc': 9.466666666666667, 'avg_tokens': 69.2, 'num_funs': 15, 'loc': 187, 'tokens': 1310, 'ext': 'py', 'blanks': 42, 'comments': 31, 'file_path': 'tests/test_sessions.py'}}, {'commit': '81e34edf0d8a00ffa7217407ef46225d26c90c00', 'analysis': {'ccn': 16, 'avg_ccn': 1.0666666666666667, 'avg_loc': 9.466666666666667, 'avg_tokens': 69.0, 'num_funs': 15, 'loc': 187, 'tokens': 1299, 'ext': 'py', 'blanks': 42, 'comments': 31, 'file_path': 'tests/test_sessions.py'}}, {'commit': 'b04c3bcfcca1210f5aa2bcac7d25583e8bc795ba', 'analysis': {'ccn': 16, 'avg_ccn': 1.0666666666666667, 'avg_loc': 9.466666666666667, 'avg_tokens': 69.0, 'num_funs': 15, 'loc': 187, 'tokens': 1299, 'ext': 'py', 'blanks': 44, 'comments': 31, 'file_path': 'tests/test_sessions.py'}}, {'commit': '9b1f1cd26c8f75c863bc5f703974436149f09d70', 'analysis': {'ccn': 16, 'avg_ccn': 1.0666666666666667, 'avg_loc': 9.466666666666667, 'avg_tokens': 69.0, 'num_funs': 15, 'loc': 208, 'tokens': 1299, 'ext': 'py', 'blanks': 45, 'comments': 31, 'file_path': 'tests/test_sessions.py'}}, {'commit': '39a6b5ae00caed75759c3f11352b2f22c6c18295', 'analysis': {'ccn': 16, 'avg_ccn': 1.0666666666666667, 'avg_loc': 9.6, 'avg_tokens': 69.4, 'num_funs': 15, 'loc': 210, 'tokens': 1304, 'ext': 'py', 'blanks': 46, 'comments': 31, 'file_path': 'tests/test_sessions.py'}}, {'commit': '92b84395b0797367eb75e4d10fa90f9d3c1c4e98', 'analysis': {'ccn': 16, 'avg_ccn': 1.0666666666666667, 'avg_loc': 9.6, 'avg_tokens': 69.53333333333333, 'num_funs': 15, 'loc': 210, 'tokens': 1304, 'ext': 'py', 'blanks': 45, 'comments': 31, 'file_path': 'tests/test_sessions.py'}}]",0.01025641025641022,0.7076923076923087,5.005128205128202,-2
https://github.com/httpie/httpie,929,3,httpie/client.py,"[{'commit': '0bc9aaf3648ede7c26f19cefbcdea1c1c693a626', 'analysis': {'ccn': 31, 'avg_ccn': 2.8181818181818183, 'avg_loc': 9.363636363636363, 'avg_tokens': 48.36363636363637, 'num_funs': 11, 'loc': 249, 'tokens': 1277, 'ext': 'py', 'blanks': 46, 'comments': 211, 'file_path': 'httpie/client.py'}}, {'commit': '1dafec7189140f2cfe7c8b242d3cb34dd690398f', 'analysis': {'ccn': 31, 'avg_ccn': 2.8181818181818183, 'avg_loc': 9.363636363636363, 'avg_tokens': 48.36363636363637, 'num_funs': 11, 'loc': 248, 'tokens': 1271, 'ext': 'py', 'blanks': 46, 'comments': 211, 'file_path': 'httpie/client.py'}}, {'commit': '340f083b015222cdadc40035689dfd11cee200a2', 'analysis': {'ccn': 31, 'avg_ccn': 2.8181818181818183, 'avg_loc': 9.363636363636363, 'avg_tokens': 48.36363636363637, 'num_funs': 11, 'loc': 249, 'tokens': 1282, 'ext': 'py', 'blanks': 46, 'comments': 212, 'file_path': 'httpie/client.py'}}, {'commit': 'f0199b294bf226fc0721a09d9db65e063c3a7b08', 'analysis': {'ccn': 31, 'avg_ccn': 2.8181818181818183, 'avg_loc': 9.363636363636363, 'avg_tokens': 48.36363636363637, 'num_funs': 11, 'loc': 248, 'tokens': 1265, 'ext': 'py', 'blanks': 46, 'comments': 211, 'file_path': 'httpie/client.py'}}, {'commit': '81e34edf0d8a00ffa7217407ef46225d26c90c00', 'analysis': {'ccn': 31, 'avg_ccn': 2.8181818181818183, 'avg_loc': 9.363636363636363, 'avg_tokens': 48.36363636363637, 'num_funs': 11, 'loc': 251, 'tokens': 1271, 'ext': 'py', 'blanks': 46, 'comments': 214, 'file_path': 'httpie/client.py'}}, {'commit': 'b04c3bcfcca1210f5aa2bcac7d25583e8bc795ba', 'analysis': {'ccn': 31, 'avg_ccn': 2.8181818181818183, 'avg_loc': 9.363636363636363, 'avg_tokens': 48.36363636363637, 'num_funs': 11, 'loc': 251, 'tokens': 1271, 'ext': 'py', 'blanks': 46, 'comments': 214, 'file_path': 'httpie/client.py'}}]",0.0,0.0,0.0,0
https://github.com/httpie/httpie,929,3,httpie/utils.py,"[{'commit': '6194995246effcddb909bc95a9a403870bb55349', 'analysis': {'ccn': 17, 'avg_ccn': 2.8333333333333335, 'avg_loc': 7.333333333333333, 'avg_tokens': 49.666666666666664, 'num_funs': 6, 'loc': 56, 'tokens': 343, 'ext': 'py', 'blanks': 26, 'comments': 31, 'file_path': 'httpie/utils.py'}}, {'commit': '340f083b015222cdadc40035689dfd11cee200a2', 'analysis': {'ccn': 18, 'avg_ccn': 3.0, 'avg_loc': 7.166666666666667, 'avg_tokens': 48.833333333333336, 'num_funs': 6, 'loc': 55, 'tokens': 338, 'ext': 'py', 'blanks': 26, 'comments': 31, 'file_path': 'httpie/utils.py'}}, {'commit': '619fc5d4e21f3b10f92ce019ba0a2c2b6c496f8b', 'analysis': {'ccn': 18, 'avg_ccn': 3.0, 'avg_loc': 7.666666666666667, 'avg_tokens': 47.833333333333336, 'num_funs': 6, 'loc': 58, 'tokens': 332, 'ext': 'py', 'blanks': 26, 'comments': 31, 'file_path': 'httpie/utils.py'}}, {'commit': '3bfdf859bc3f28e9b0da4312db27f6416f1da021', 'analysis': {'ccn': 18, 'avg_ccn': 3.0, 'avg_loc': 7.666666666666667, 'avg_tokens': 48.833333333333336, 'num_funs': 6, 'loc': 58, 'tokens': 338, 'ext': 'py', 'blanks': 26, 'comments': 31, 'file_path': 'httpie/utils.py'}}, {'commit': 'e6b7cdc6a57122ad00a0471b03b1f16555300504', 'analysis': {'ccn': 18, 'avg_ccn': 3.0, 'avg_loc': 7.666666666666667, 'avg_tokens': 50.666666666666664, 'num_funs': 6, 'loc': 59, 'tokens': 355, 'ext': 'py', 'blanks': 26, 'comments': 31, 'file_path': 'httpie/utils.py'}}, {'commit': 'b04c3bcfcca1210f5aa2bcac7d25583e8bc795ba', 'analysis': {'ccn': 18, 'avg_ccn': 3.0, 'avg_loc': 7.666666666666667, 'avg_tokens': 50.666666666666664, 'num_funs': 6, 'loc': 59, 'tokens': 355, 'ext': 'py', 'blanks': 26, 'comments': 31, 'file_path': 'httpie/utils.py'}}]",-0.16666666666666652,-0.3333333333333339,-1.0,0
https://github.com/httpie/httpie,929,3,httpie/sessions.py,"[{'commit': '5dea1a83a12b37198bc44b4964d3cc067eb6743d', 'analysis': {'ccn': 23, 'avg_ccn': 2.5555555555555554, 'avg_loc': 8.11111111111111, 'avg_tokens': 53.888888888888886, 'num_funs': 9, 'loc': 113, 'tokens': 690, 'ext': 'py', 'blanks': 26, 'comments': 15, 'file_path': 'httpie/sessions.py'}}, {'commit': 'f0199b294bf226fc0721a09d9db65e063c3a7b08', 'analysis': {'ccn': 24, 'avg_ccn': 2.6666666666666665, 'avg_loc': 8.222222222222221, 'avg_tokens': 54.44444444444444, 'num_funs': 9, 'loc': 114, 'tokens': 695, 'ext': 'py', 'blanks': 26, 'comments': 15, 'file_path': 'httpie/sessions.py'}}, {'commit': '3bfdf859bc3f28e9b0da4312db27f6416f1da021', 'analysis': {'ccn': 24, 'avg_ccn': 2.6666666666666665, 'avg_loc': 8.222222222222221, 'avg_tokens': 54.888888888888886, 'num_funs': 9, 'loc': 114, 'tokens': 699, 'ext': 'py', 'blanks': 26, 'comments': 15, 'file_path': 'httpie/sessions.py'}}, {'commit': '81e34edf0d8a00ffa7217407ef46225d26c90c00', 'analysis': {'ccn': 24, 'avg_ccn': 2.6666666666666665, 'avg_loc': 8.222222222222221, 'avg_tokens': 54.22222222222222, 'num_funs': 9, 'loc': 114, 'tokens': 695, 'ext': 'py', 'blanks': 26, 'comments': 15, 'file_path': 'httpie/sessions.py'}}]",-0.11111111111111116,-0.11111111111111072,-0.3333333333333357,0
https://github.com/httpie/httpie,932,3,tests/test_sessions.py,"[{'commit': 'b21e8c25a2a08e4ddb79a880f1c2c636417a0a31', 'analysis': {'ccn': 15, 'avg_ccn': 1.1538461538461537, 'avg_loc': 10.23076923076923, 'avg_tokens': 75.6923076923077, 'num_funs': 13, 'loc': 169, 'tokens': 1115, 'ext': 'py', 'blanks': 38, 'comments': 32, 'file_path': 'tests/test_sessions.py'}}, {'commit': '87f6d234b61d0445c65d394acbf0d6118a3d14ee', 'analysis': {'ccn': 15, 'avg_ccn': 1.1538461538461537, 'avg_loc': 10.307692307692308, 'avg_tokens': 75.76923076923077, 'num_funs': 13, 'loc': 170, 'tokens': 1116, 'ext': 'py', 'blanks': 39, 'comments': 32, 'file_path': 'tests/test_sessions.py'}}, {'commit': '07afd91ca042b57836b0abc0887283254f41ad66', 'analysis': {'ccn': 20, 'avg_ccn': 1.1111111111111112, 'avg_loc': 9.277777777777779, 'avg_tokens': 65.33333333333333, 'num_funs': 18, 'loc': 251, 'tokens': 1505, 'ext': 'py', 'blanks': 48, 'comments': 32, 'file_path': 'tests/test_sessions.py'}}, {'commit': 'd58e1cdd6cf6fb4dc1dc4b7b283a2a97d4fd2278', 'analysis': {'ccn': 20, 'avg_ccn': 1.1111111111111112, 'avg_loc': 9.277777777777779, 'avg_tokens': 65.33333333333333, 'num_funs': 18, 'loc': 261, 'tokens': 1537, 'ext': 'py', 'blanks': 48, 'comments': 32, 'file_path': 'tests/test_sessions.py'}}, {'commit': 'bfea90f377217e828d623166b71714b1322b4ba1', 'analysis': {'ccn': 21, 'avg_ccn': 1.105263157894737, 'avg_loc': 9.578947368421053, 'avg_tokens': 66.52631578947368, 'num_funs': 19, 'loc': 302, 'tokens': 1691, 'ext': 'py', 'blanks': 53, 'comments': 38, 'file_path': 'tests/test_sessions.py'}}, {'commit': '5b98e4adbe9daae5cd72ce1f4b7424b1129edb23', 'analysis': {'ccn': 21, 'avg_ccn': 1.105263157894737, 'avg_loc': 8.631578947368421, 'avg_tokens': 63.8421052631579, 'num_funs': 19, 'loc': 284, 'tokens': 1640, 'ext': 'py', 'blanks': 51, 'comments': 38, 'file_path': 'tests/test_sessions.py'}}]",0.048582995951416796,1.5991902834008087,11.850202429149796,-6
https://github.com/httpie/httpie,932,3,httpie/sessions.py,"[{'commit': 'b21e8c25a2a08e4ddb79a880f1c2c636417a0a31', 'analysis': {'ccn': 23, 'avg_ccn': 2.875, 'avg_loc': 9.5, 'avg_tokens': 63.375, 'num_funs': 8, 'loc': 116, 'tokens': 709, 'ext': 'py', 'blanks': 26, 'comments': 15, 'file_path': 'httpie/sessions.py'}}, {'commit': '07afd91ca042b57836b0abc0887283254f41ad66', 'analysis': {'ccn': 26, 'avg_ccn': 2.888888888888889, 'avg_loc': 8.88888888888889, 'avg_tokens': 60.0, 'num_funs': 9, 'loc': 120, 'tokens': 745, 'ext': 'py', 'blanks': 27, 'comments': 15, 'file_path': 'httpie/sessions.py'}}, {'commit': 'd58e1cdd6cf6fb4dc1dc4b7b283a2a97d4fd2278', 'analysis': {'ccn': 26, 'avg_ccn': 2.888888888888889, 'avg_loc': 8.777777777777779, 'avg_tokens': 59.111111111111114, 'num_funs': 9, 'loc': 120, 'tokens': 743, 'ext': 'py', 'blanks': 28, 'comments': 15, 'file_path': 'httpie/sessions.py'}}, {'commit': 'bfea90f377217e828d623166b71714b1322b4ba1', 'analysis': {'ccn': 26, 'avg_ccn': 2.888888888888889, 'avg_loc': 8.777777777777779, 'avg_tokens': 59.55555555555556, 'num_funs': 9, 'loc': 120, 'tokens': 747, 'ext': 'py', 'blanks': 28, 'comments': 15, 'file_path': 'httpie/sessions.py'}}, {'commit': '06af2815e2f344570f6d63f24ea448e9e24518f1', 'analysis': {'ccn': 26, 'avg_ccn': 2.888888888888889, 'avg_loc': 8.777777777777779, 'avg_tokens': 59.55555555555556, 'num_funs': 9, 'loc': 120, 'tokens': 747, 'ext': 'py', 'blanks': 28, 'comments': 15, 'file_path': 'httpie/sessions.py'}}]",-0.01388888888888884,0.7222222222222214,3.819444444444443,-1
https://github.com/httpie/httpie,1029,3,tests/test_uploads.py,"[{'commit': 'bcd67d14cbd915de07a74d9354521a172a183549', 'analysis': {'ccn': 20, 'avg_ccn': 1.0, 'avg_loc': 10.1, 'avg_tokens': 42.25, 'num_funs': 20, 'loc': 238, 'tokens': 1038, 'ext': 'py', 'blanks': 32, 'comments': 7, 'file_path': 'tests/test_uploads.py'}}, {'commit': 'd4e57b221e1d055064d27c721c4b91130e1e55bc', 'analysis': {'ccn': 20, 'avg_ccn': 1.0, 'avg_loc': 10.05, 'avg_tokens': 42.05, 'num_funs': 20, 'loc': 237, 'tokens': 1034, 'ext': 'py', 'blanks': 32, 'comments': 7, 'file_path': 'tests/test_uploads.py'}}]",0.0,0.049999999999998934,0.20000000000000284,0
https://github.com/httpie/httpie,1094,4,httpie/client.py,"[{'commit': '19e904b3eb6b3004d3e7882cb6eac3c04316d82f', 'analysis': {'ccn': 27, 'avg_ccn': 2.7, 'avg_loc': 9.1, 'avg_tokens': 45.0, 'num_funs': 10, 'loc': 264, 'tokens': 1323, 'ext': 'py', 'blanks': 46, 'comments': 215, 'file_path': 'httpie/client.py'}}, {'commit': 'f6bd84ef0796a680e76fc4aa984d5b1a31092443', 'analysis': {'ccn': 27, 'avg_ccn': 2.7, 'avg_loc': 9.1, 'avg_tokens': 45.0, 'num_funs': 10, 'loc': 259, 'tokens': 1294, 'ext': 'py', 'blanks': 46, 'comments': 209, 'file_path': 'httpie/client.py'}}]",0.0,0.0,0.0,0
https://github.com/httpie/httpie,1094,4,httpie/models.py,"[{'commit': '19e904b3eb6b3004d3e7882cb6eac3c04316d82f', 'analysis': {'ccn': 30, 'avg_ccn': 1.5789473684210527, 'avg_loc': 4.315789473684211, 'avg_tokens': 29.0, 'num_funs': 19, 'loc': 101, 'tokens': 622, 'ext': 'py', 'blanks': 32, 'comments': 14, 'file_path': 'httpie/models.py'}}, {'commit': '860091262f4489da94fcd9faaea25e1a731efceb', 'analysis': {'ccn': 29, 'avg_ccn': 1.6111111111111112, 'avg_loc': 4.444444444444445, 'avg_tokens': 28.166666666666668, 'num_funs': 18, 'loc': 98, 'tokens': 575, 'ext': 'py', 'blanks': 29, 'comments': 12, 'file_path': 'httpie/models.py'}}, {'commit': 'a7ac5b38e0444a51676ff6f29e57fb28ce34ee3f', 'analysis': {'ccn': 28, 'avg_ccn': 1.6470588235294117, 'avg_loc': 4.470588235294118, 'avg_tokens': 28.11764705882353, 'num_funs': 17, 'loc': 94, 'tokens': 545, 'ext': 'py', 'blanks': 28, 'comments': 14, 'file_path': 'httpie/models.py'}}, {'commit': '3f8b212357f4384a2d21ae770b9b2e600c576cf7', 'analysis': {'ccn': 28, 'avg_ccn': 1.6470588235294117, 'avg_loc': 4.470588235294118, 'avg_tokens': 28.11764705882353, 'num_funs': 17, 'loc': 94, 'tokens': 545, 'ext': 'py', 'blanks': 28, 'comments': 14, 'file_path': 'httpie/models.py'}}, {'commit': 'e57adece1696cd7653f05c3b1c264bf516a10bb6', 'analysis': {'ccn': 30, 'avg_ccn': 1.7647058823529411, 'avg_loc': 4.882352941176471, 'avg_tokens': 29.764705882352942, 'num_funs': 17, 'loc': 102, 'tokens': 579, 'ext': 'py', 'blanks': 29, 'comments': 14, 'file_path': 'httpie/models.py'}}, {'commit': 'b47412f266ccb51f783099ef04f88956f4ea20c8', 'analysis': {'ccn': 30, 'avg_ccn': 1.7647058823529411, 'avg_loc': 4.882352941176471, 'avg_tokens': 29.764705882352942, 'num_funs': 17, 'loc': 102, 'tokens': 579, 'ext': 'py', 'blanks': 29, 'comments': 14, 'file_path': 'httpie/models.py'}}, {'commit': '93aa3583155d411da5300a73b70531982a93205b', 'analysis': {'ccn': 30, 'avg_ccn': 1.7647058823529411, 'avg_loc': 4.882352941176471, 'avg_tokens': 29.764705882352942, 'num_funs': 17, 'loc': 102, 'tokens': 578, 'ext': 'py', 'blanks': 29, 'comments': 14, 'file_path': 'httpie/models.py'}}]",-0.18575851393188847,-0.5665634674922604,-0.764705882352942,2
https://github.com/httpie/httpie,1094,4,httpie/utils.py,"[{'commit': 'f6bd84ef0796a680e76fc4aa984d5b1a31092443', 'analysis': {'ccn': 18, 'avg_ccn': 2.25, 'avg_loc': 5.0, 'avg_tokens': 30.0, 'num_funs': 8, 'loc': 72, 'tokens': 413, 'ext': 'py', 'blanks': 31, 'comments': 35, 'file_path': 'httpie/utils.py'}}, {'commit': 'e57adece1696cd7653f05c3b1c264bf516a10bb6', 'analysis': {'ccn': 20, 'avg_ccn': 2.2222222222222223, 'avg_loc': 4.888888888888889, 'avg_tokens': 28.88888888888889, 'num_funs': 9, 'loc': 76, 'tokens': 432, 'ext': 'py', 'blanks': 34, 'comments': 41, 'file_path': 'httpie/utils.py'}}, {'commit': '4e2e96911ad12df7f8708c731aea874ff51c6bb3', 'analysis': {'ccn': 20, 'avg_ccn': 2.2222222222222223, 'avg_loc': 4.888888888888889, 'avg_tokens': 28.88888888888889, 'num_funs': 9, 'loc': 76, 'tokens': 432, 'ext': 'py', 'blanks': 34, 'comments': 41, 'file_path': 'httpie/utils.py'}}]",0.02777777777777768,0.11111111111111072,1.1111111111111107,-1
https://github.com/httpie/httpie,1094,4,setup.py,"[{'commit': 'e57adece1696cd7653f05c3b1c264bf516a10bb6', 'analysis': {'ccn': 1, 'avg_ccn': 1.0, 'avg_loc': 3.0, 'avg_tokens': 24.0, 'num_funs': 1, 'loc': 84, 'tokens': 282, 'ext': 'py', 'blanks': 13, 'comments': 7, 'file_path': 'setup.py'}}, {'commit': '57997da5f06e1c445e1e4e9355d0535da66b5e9c', 'analysis': {'ccn': 1, 'avg_ccn': 1.0, 'avg_loc': 3.0, 'avg_tokens': 24.0, 'num_funs': 1, 'loc': 83, 'tokens': 280, 'ext': 'py', 'blanks': 13, 'comments': 7, 'file_path': 'setup.py'}}]",0.0,0.0,0.0,0
https://github.com/httpie/httpie,1094,4,tests/test_cookie.py,"[{'commit': 'e57adece1696cd7653f05c3b1c264bf516a10bb6', 'analysis': {'ccn': 4, 'avg_ccn': 1.3333333333333333, 'avg_loc': 7.333333333333333, 'avg_tokens': 42.666666666666664, 'num_funs': 3, 'loc': 28, 'tokens': 163, 'ext': 'py', 'blanks': 9, 'comments': 0, 'file_path': 'tests/test_cookie.py'}}, {'commit': '906ad39e89ea1db8392c4036156a193d394f938f', 'analysis': {'ccn': 4, 'avg_ccn': 1.3333333333333333, 'avg_loc': 7.333333333333333, 'avg_tokens': 42.666666666666664, 'num_funs': 3, 'loc': 28, 'tokens': 163, 'ext': 'py', 'blanks': 9, 'comments': 0, 'file_path': 'tests/test_cookie.py'}}, {'commit': '1ffc2aa111878e270aa3878e1d48b56fb22e36ca', 'analysis': {'ccn': 4, 'avg_ccn': 1.3333333333333333, 'avg_loc': 7.333333333333333, 'avg_tokens': 42.0, 'num_funs': 3, 'loc': 28, 'tokens': 161, 'ext': 'py', 'blanks': 9, 'comments': 0, 'file_path': 'tests/test_cookie.py'}}, {'commit': 'a5428ff95ac0849329c182f7d5af887924b33f2f', 'analysis': {'ccn': 3, 'avg_ccn': 1.0, 'avg_loc': 7.666666666666667, 'avg_tokens': 54.0, 'num_funs': 3, 'loc': 27, 'tokens': 189, 'ext': 'py', 'blanks': 10, 'comments': 11, 'file_path': 'tests/test_cookie.py'}}, {'commit': '7635d527256c3c59df235886b9dd9dca5e603f95', 'analysis': {'ccn': 3, 'avg_ccn': 1.0, 'avg_loc': 7.666666666666667, 'avg_tokens': 55.333333333333336, 'num_funs': 3, 'loc': 27, 'tokens': 193, 'ext': 'py', 'blanks': 10, 'comments': 11, 'file_path': 'tests/test_cookie.py'}}]",0.33333333333333326,-0.3333333333333339,-12.666666666666671,0
https://github.com/httpie/httpie,1175,5,httpie/cli/argparser.py,"[{'commit': '361acbf164204a03e01ef5c471023f3aad63f5e6', 'analysis': {'ccn': 101, 'avg_ccn': 5.05, 'avg_loc': 13.2, 'avg_tokens': 96.15, 'num_funs': 20, 'loc': 337, 'tokens': 2279, 'ext': 'py', 'blanks': 70, 'comments': 71, 'file_path': 'httpie/cli/argparser.py'}}, {'commit': 'f6b2884ff528dd6c4a68acc87ec5502534c8f604', 'analysis': {'ccn': 101, 'avg_ccn': 5.05, 'avg_loc': 13.2, 'avg_tokens': 96.05, 'num_funs': 20, 'loc': 337, 'tokens': 2277, 'ext': 'py', 'blanks': 70, 'comments': 71, 'file_path': 'httpie/cli/argparser.py'}}]",0.0,0.0,0.10000000000000853,0
https://github.com/httpie/httpie,1175,5,httpie/cli/definition.py,"[{'commit': '361acbf164204a03e01ef5c471023f3aad63f5e6', 'analysis': {'ccn': 2, 'avg_ccn': 1.0, 'avg_loc': 2.0, 'avg_tokens': 18.0, 'num_funs': 2, 'loc': 759, 'tokens': 1569, 'ext': 'py', 'blanks': 156, 'comments': 279, 'file_path': 'httpie/cli/definition.py'}}, {'commit': 'f6b2884ff528dd6c4a68acc87ec5502534c8f604', 'analysis': {'ccn': 2, 'avg_ccn': 1.0, 'avg_loc': 2.0, 'avg_tokens': 18.0, 'num_funs': 2, 'loc': 759, 'tokens': 1569, 'ext': 'py', 'blanks': 156, 'comments': 279, 'file_path': 'httpie/cli/definition.py'}}]",0.0,0.0,0.0,0
https://github.com/httpie/httpie,1175,5,tests/test_output.py,"[{'commit': '361acbf164204a03e01ef5c471023f3aad63f5e6', 'analysis': {'ccn': 42, 'avg_ccn': 1.135135135135135, 'avg_loc': 6.8108108108108105, 'avg_tokens': 44.54054054054054, 'num_funs': 37, 'loc': 487, 'tokens': 2595, 'ext': 'py', 'blanks': 60, 'comments': 20, 'file_path': 'tests/test_output.py'}}, {'commit': 'f6b2884ff528dd6c4a68acc87ec5502534c8f604', 'analysis': {'ccn': 42, 'avg_ccn': 1.135135135135135, 'avg_loc': 6.8108108108108105, 'avg_tokens': 44.486486486486484, 'num_funs': 37, 'loc': 487, 'tokens': 2593, 'ext': 'py', 'blanks': 60, 'comments': 20, 'file_path': 'tests/test_output.py'}}, {'commit': 'c07d88f51069d8cf8a9d01321a72787dcc82273a', 'analysis': {'ccn': 42, 'avg_ccn': 1.135135135135135, 'avg_loc': 6.8108108108108105, 'avg_tokens': 44.45945945945946, 'num_funs': 37, 'loc': 487, 'tokens': 2592, 'ext': 'py', 'blanks': 60, 'comments': 20, 'file_path': 'tests/test_output.py'}}, {'commit': '7b3f3aafb26aeecda157316a6c81df9434816270', 'analysis': {'ccn': 42, 'avg_ccn': 1.135135135135135, 'avg_loc': 6.8108108108108105, 'avg_tokens': 44.027027027027025, 'num_funs': 37, 'loc': 487, 'tokens': 2589, 'ext': 'py', 'blanks': 60, 'comments': 20, 'file_path': 'tests/test_output.py'}}]",0.0,0.0,0.5135135135135158,0
https://github.com/httpie/httpie,1226,4,httpie/output/writer.py,"[{'commit': 'c32b0577c587bb24f5ddf580e05a829ba885861f', 'analysis': {'ccn': 5, 'avg_ccn': 1.0, 'avg_loc': 5.0, 'avg_tokens': 20.4, 'num_funs': 5, 'loc': 147, 'tokens': 650, 'ext': 'py', 'blanks': 18, 'comments': 14, 'file_path': 'httpie/output/writer.py'}}, {'commit': 'fd8897e914823223b05b3a596df1d4d950024f2e', 'analysis': {'ccn': 5, 'avg_ccn': 1.0, 'avg_loc': 5.0, 'avg_tokens': 20.4, 'num_funs': 5, 'loc': 147, 'tokens': 650, 'ext': 'py', 'blanks': 18, 'comments': 14, 'file_path': 'httpie/output/writer.py'}}]",0.0,0.0,0.0,0
https://github.com/httpie/httpie,1226,4,tests/fixtures/__init__.py,"[{'commit': 'c32b0577c587bb24f5ddf580e05a829ba885861f', 'analysis': {'ccn': 1, 'avg_ccn': 1.0, 'avg_loc': 2.0, 'avg_tokens': 18.0, 'num_funs': 1, 'loc': 24, 'tokens': 182, 'ext': 'py', 'blanks': 10, 'comments': 8, 'file_path': 'tests/fixtures/__init__.py'}}, {'commit': 'fd8897e914823223b05b3a596df1d4d950024f2e', 'analysis': {'ccn': 1, 'avg_ccn': 1.0, 'avg_loc': 2.0, 'avg_tokens': 18.0, 'num_funs': 1, 'loc': 23, 'tokens': 169, 'ext': 'py', 'blanks': 10, 'comments': 8, 'file_path': 'tests/fixtures/__init__.py'}}]",0.0,0.0,0.0,0
https://github.com/httpie/httpie,1226,4,tests/test_stream.py,"[{'commit': 'c32b0577c587bb24f5ddf580e05a829ba885861f', 'analysis': {'ccn': 14, 'avg_ccn': 1.75, 'avg_loc': 9.25, 'avg_tokens': 59.875, 'num_funs': 8, 'loc': 103, 'tokens': 640, 'ext': 'py', 'blanks': 24, 'comments': 11, 'file_path': 'tests/test_stream.py'}}, {'commit': '6b6cbbc94041f8a2a62600d91489ce0b5e6bec26', 'analysis': {'ccn': 13, 'avg_ccn': 1.625, 'avg_loc': 8.75, 'avg_tokens': 56.875, 'num_funs': 8, 'loc': 99, 'tokens': 616, 'ext': 'py', 'blanks': 24, 'comments': 11, 'file_path': 'tests/test_stream.py'}}, {'commit': 'fd8897e914823223b05b3a596df1d4d950024f2e', 'analysis': {'ccn': 13, 'avg_ccn': 1.625, 'avg_loc': 8.75, 'avg_tokens': 56.875, 'num_funs': 8, 'loc': 99, 'tokens': 617, 'ext': 'py', 'blanks': 24, 'comments': 12, 'file_path': 'tests/test_stream.py'}}]",0.125,0.5,3.0,0
https://github.com/httpie/httpie,1226,4,tests/test_tokens.py,"[{'commit': 'c32b0577c587bb24f5ddf580e05a829ba885861f', 'analysis': {'ccn': 16, 'avg_ccn': 1.0, 'avg_loc': 3.625, 'avg_tokens': 30.375, 'num_funs': 16, 'loc': 71, 'tokens': 523, 'ext': 'py', 'blanks': 34, 'comments': 9, 'file_path': 'tests/test_tokens.py'}}, {'commit': 'fd8897e914823223b05b3a596df1d4d950024f2e', 'analysis': {'ccn': 16, 'avg_ccn': 1.0, 'avg_loc': 3.625, 'avg_tokens': 30.375, 'num_funs': 16, 'loc': 71, 'tokens': 523, 'ext': 'py', 'blanks': 34, 'comments': 9, 'file_path': 'tests/test_tokens.py'}}]",0.0,0.0,0.0,0
https://github.com/httpie/httpie,1226,4,tests/test_uploads.py,"[{'commit': 'c32b0577c587bb24f5ddf580e05a829ba885861f', 'analysis': {'ccn': 21, 'avg_ccn': 1.0, 'avg_loc': 10.19047619047619, 'avg_tokens': 44.04761904761905, 'num_funs': 21, 'loc': 250, 'tokens': 1121, 'ext': 'py', 'blanks': 33, 'comments': 8, 'file_path': 'tests/test_uploads.py'}}, {'commit': 'fd8897e914823223b05b3a596df1d4d950024f2e', 'analysis': {'ccn': 21, 'avg_ccn': 1.0, 'avg_loc': 10.19047619047619, 'avg_tokens': 43.04761904761905, 'num_funs': 21, 'loc': 250, 'tokens': 1098, 'ext': 'py', 'blanks': 33, 'comments': 7, 'file_path': 'tests/test_uploads.py'}}]",0.0,0.0,1.0,0
https://github.com/httpie/httpie,1226,4,tests/utils/http_server.py,"[{'commit': 'c32b0577c587bb24f5ddf580e05a829ba885861f', 'analysis': {'ccn': 10, 'avg_ccn': 1.6666666666666667, 'avg_loc': 5.666666666666667, 'avg_tokens': 43.333333333333336, 'num_funs': 6, 'loc': 45, 'tokens': 331, 'ext': 'py', 'blanks': 16, 'comments': 3, 'file_path': 'tests/utils/http_server.py'}}, {'commit': 'fd8897e914823223b05b3a596df1d4d950024f2e', 'analysis': {'ccn': 10, 'avg_ccn': 1.6666666666666667, 'avg_loc': 6.0, 'avg_tokens': 45.333333333333336, 'num_funs': 6, 'loc': 47, 'tokens': 343, 'ext': 'py', 'blanks': 16, 'comments': 3, 'file_path': 'tests/utils/http_server.py'}}]",0.0,-0.33333333333333304,-2.0,0
https://github.com/httpie/httpie,1226,4,tests/utils/matching/parsing.py,"[{'commit': 'c32b0577c587bb24f5ddf580e05a829ba885861f', 'analysis': {'ccn': 16, 'avg_ccn': 3.2, 'avg_loc': 10.6, 'avg_tokens': 56.2, 'num_funs': 5, 'loc': 72, 'tokens': 379, 'ext': 'py', 'blanks': 22, 'comments': 13, 'file_path': 'tests/utils/matching/parsing.py'}}, {'commit': 'fd8897e914823223b05b3a596df1d4d950024f2e', 'analysis': {'ccn': 16, 'avg_ccn': 3.2, 'avg_loc': 10.6, 'avg_tokens': 56.2, 'num_funs': 5, 'loc': 70, 'tokens': 366, 'ext': 'py', 'blanks': 22, 'comments': 13, 'file_path': 'tests/utils/matching/parsing.py'}}]",0.0,0.0,0.0,0
https://github.com/httpie/httpie,1226,4,tests/utils/matching/tokens.py,"[{'commit': 'c32b0577c587bb24f5ddf580e05a829ba885861f', 'analysis': {'ccn': 0, 'avg_ccn': 0, 'avg_loc': 0, 'avg_tokens': 0, 'num_funs': 0, 'loc': 52, 'tokens': 139, 'ext': 'py', 'blanks': 6, 'comments': 6, 'file_path': 'tests/utils/matching/tokens.py'}}, {'commit': 'fd8897e914823223b05b3a596df1d4d950024f2e', 'analysis': {'ccn': 0, 'avg_ccn': 0, 'avg_loc': 0, 'avg_tokens': 0, 'num_funs': 0, 'loc': 47, 'tokens': 124, 'ext': 'py', 'blanks': 6, 'comments': 6, 'file_path': 'tests/utils/matching/tokens.py'}}]",0,0,0,0
https://github.com/httpie/httpie,1238,3,httpie/output/formatters/colors.py,"[{'commit': '3933ea92db78a80fa4d4ac2d9d9f33a6fa5c9183', 'analysis': {'ccn': 17, 'avg_ccn': 1.5454545454545454, 'avg_loc': 5.7272727272727275, 'avg_tokens': 29.272727272727273, 'num_funs': 11, 'loc': 380, 'tokens': 2154, 'ext': 'py', 'blanks': 56, 'comments': 29, 'file_path': 'httpie/output/formatters/colors.py'}}, {'commit': '4aab90479ede7b1d9a91401f450fe23fad62f595', 'analysis': {'ccn': 17, 'avg_ccn': 1.5454545454545454, 'avg_loc': 5.7272727272727275, 'avg_tokens': 29.272727272727273, 'num_funs': 11, 'loc': 378, 'tokens': 2146, 'ext': 'py', 'blanks': 56, 'comments': 29, 'file_path': 'httpie/output/formatters/colors.py'}}, {'commit': '87ac7d8590e46e1f113007d3044877702f3c5750', 'analysis': {'ccn': 20, 'avg_ccn': 1.6666666666666667, 'avg_loc': 6.0, 'avg_tokens': 30.333333333333332, 'num_funs': 12, 'loc': 343, 'tokens': 2031, 'ext': 'py', 'blanks': 54, 'comments': 29, 'file_path': 'httpie/output/formatters/colors.py'}}, {'commit': '6afcf210c67a6bb5b68d6b504d7d73ab1e44d227', 'analysis': {'ccn': 18, 'avg_ccn': 1.6363636363636365, 'avg_loc': 5.909090909090909, 'avg_tokens': 31.0, 'num_funs': 11, 'loc': 318, 'tokens': 1974, 'ext': 'py', 'blanks': 53, 'comments': 29, 'file_path': 'httpie/output/formatters/colors.py'}}, {'commit': '2287a086b511564feb164209d72b2a81b85da820', 'analysis': {'ccn': 18, 'avg_ccn': 1.6363636363636365, 'avg_loc': 5.909090909090909, 'avg_tokens': 31.0, 'num_funs': 11, 'loc': 313, 'tokens': 1962, 'ext': 'py', 'blanks': 52, 'comments': 28, 'file_path': 'httpie/output/formatters/colors.py'}}]",-0.09090909090909105,-0.18181818181818166,-1.7272727272727266,0
https://github.com/httpie/httpie,1238,3,httpie/output/ui/palette.py,"[{'commit': '87ac7d8590e46e1f113007d3044877702f3c5750', 'analysis': {'ccn': 0, 'avg_ccn': 0, 'avg_loc': 0, 'avg_tokens': 0, 'num_funs': 0, 'loc': 132, 'tokens': 531, 'ext': 'py', 'blanks': 4, 'comments': 2, 'file_path': 'httpie/output/ui/palette.py'}}, {'commit': '6afcf210c67a6bb5b68d6b504d7d73ab1e44d227', 'analysis': {'ccn': 4, 'avg_ccn': 4.0, 'avg_loc': 8.0, 'avg_tokens': 51.0, 'num_funs': 1, 'loc': 150, 'tokens': 622, 'ext': 'py', 'blanks': 8, 'comments': 2, 'file_path': 'httpie/output/ui/palette.py'}}, {'commit': '2287a086b511564feb164209d72b2a81b85da820', 'analysis': {'ccn': 4, 'avg_ccn': 4.0, 'avg_loc': 8.0, 'avg_tokens': 51.0, 'num_funs': 1, 'loc': 150, 'tokens': 622, 'ext': 'py', 'blanks': 9, 'comments': 2, 'file_path': 'httpie/output/ui/palette.py'}}]",-4.0,-8.0,-51.0,-1
https://github.com/httpie/httpie,1241,3,httpie/manager/plugins.py,"[{'commit': '674101bf56e9d380cd58dec5ad36d1765793766f', 'analysis': {'ccn': 29, 'avg_ccn': 3.2222222222222223, 'avg_loc': 12.555555555555555, 'avg_tokens': 83.0, 'num_funs': 9, 'loc': 149, 'tokens': 956, 'ext': 'py', 'blanks': 33, 'comments': 11, 'file_path': 'httpie/manager/plugins.py'}}, {'commit': '2fbc79ef788e94979c8cea75dbd5faa4f3796fda', 'analysis': {'ccn': 35, 'avg_ccn': 2.9166666666666665, 'avg_loc': 10.083333333333334, 'avg_tokens': 72.41666666666667, 'num_funs': 12, 'loc': 192, 'tokens': 1281, 'ext': 'py', 'blanks': 43, 'comments': 14, 'file_path': 'httpie/manager/plugins.py'}}, {'commit': 'b7ee8bb953380ffc593037e29418d2508ca9207e', 'analysis': {'ccn': 35, 'avg_ccn': 2.9166666666666665, 'avg_loc': 10.083333333333334, 'avg_tokens': 72.0, 'num_funs': 12, 'loc': 193, 'tokens': 1283, 'ext': 'py', 'blanks': 43, 'comments': 14, 'file_path': 'httpie/manager/plugins.py'}}]",0.3055555555555558,2.4722222222222214,11.0,-3
https://github.com/httpie/httpie,1244,3,tests/test_output.py,"[{'commit': '766e09b122d9b30ee3dfb9bb18798c998a450394', 'analysis': {'ccn': 43, 'avg_ccn': 1.131578947368421, 'avg_loc': 6.7368421052631575, 'avg_tokens': 43.73684210526316, 'num_funs': 38, 'loc': 497, 'tokens': 2643, 'ext': 'py', 'blanks': 62, 'comments': 20, 'file_path': 'tests/test_output.py'}}, {'commit': 'c8d8bcffd79d07ce544098c7aa7b838cc90b8618', 'analysis': {'ccn': 43, 'avg_ccn': 1.131578947368421, 'avg_loc': 6.7368421052631575, 'avg_tokens': 43.78947368421053, 'num_funs': 38, 'loc': 497, 'tokens': 2645, 'ext': 'py', 'blanks': 62, 'comments': 20, 'file_path': 'tests/test_output.py'}}]",0.0,0.0,-0.05263157894736992,0
https://github.com/httpie/httpie,1256,5,httpie/client.py,"[{'commit': 'c0368a43303d751dce0de92ad8fc5a506269bbea', 'analysis': {'ccn': 33, 'avg_ccn': 2.75, 'avg_loc': 8.583333333333334, 'avg_tokens': 44.083333333333336, 'num_funs': 12, 'loc': 293, 'tokens': 1495, 'ext': 'py', 'blanks': 56, 'comments': 185, 'file_path': 'httpie/client.py'}}, {'commit': 'be4df02e170f328e27de0f8355b9567064d29a2d', 'analysis': {'ccn': 33, 'avg_ccn': 2.75, 'avg_loc': 8.5, 'avg_tokens': 43.75, 'num_funs': 12, 'loc': 291, 'tokens': 1491, 'ext': 'py', 'blanks': 56, 'comments': 184, 'file_path': 'httpie/client.py'}}]",0.0,0.08333333333333393,0.3333333333333357,0
https://github.com/httpie/httpie,1256,5,httpie/core.py,"[{'commit': 'c0368a43303d751dce0de92ad8fc5a506269bbea', 'analysis': {'ccn': 39, 'avg_ccn': 4.875, 'avg_loc': 14.625, 'avg_tokens': 91.75, 'num_funs': 8, 'loc': 238, 'tokens': 1255, 'ext': 'py', 'blanks': 34, 'comments': 23, 'file_path': 'httpie/core.py'}}, {'commit': 'be4df02e170f328e27de0f8355b9567064d29a2d', 'analysis': {'ccn': 39, 'avg_ccn': 4.875, 'avg_loc': 14.625, 'avg_tokens': 90.75, 'num_funs': 8, 'loc': 238, 'tokens': 1247, 'ext': 'py', 'blanks': 34, 'comments': 23, 'file_path': 'httpie/core.py'}}]",0.0,0.0,1.0,0
https://github.com/httpie/httpie,1256,5,httpie/uploads.py,"[{'commit': 'c0368a43303d751dce0de92ad8fc5a506269bbea', 'analysis': {'ccn': 21, 'avg_ccn': 1.4, 'avg_loc': 4.8, 'avg_tokens': 28.0, 'num_funs': 15, 'loc': 173, 'tokens': 965, 'ext': 'py', 'blanks': 39, 'comments': 8, 'file_path': 'httpie/uploads.py'}}, {'commit': '18eabfbe1d7f6a2c99f0c391eb8b3ded65118a00', 'analysis': {'ccn': 22, 'avg_ccn': 1.4666666666666666, 'avg_loc': 4.933333333333334, 'avg_tokens': 28.6, 'num_funs': 15, 'loc': 175, 'tokens': 974, 'ext': 'py', 'blanks': 40, 'comments': 11, 'file_path': 'httpie/uploads.py'}}, {'commit': 'be4df02e170f328e27de0f8355b9567064d29a2d', 'analysis': {'ccn': 23, 'avg_ccn': 1.5333333333333334, 'avg_loc': 5.066666666666666, 'avg_tokens': 28.4, 'num_funs': 15, 'loc': 178, 'tokens': 976, 'ext': 'py', 'blanks': 41, 'comments': 13, 'file_path': 'httpie/uploads.py'}}]",-0.13333333333333353,-0.2666666666666666,-0.3999999999999986,0
https://github.com/httpie/httpie,1256,5,tests/test_uploads.py,"[{'commit': 'c0368a43303d751dce0de92ad8fc5a506269bbea', 'analysis': {'ccn': 29, 'avg_ccn': 1.16, 'avg_loc': 10.76, 'avg_tokens': 47.36, 'num_funs': 25, 'loc': 313, 'tokens': 1417, 'ext': 'py', 'blanks': 44, 'comments': 10, 'file_path': 'tests/test_uploads.py'}}, {'commit': '18eabfbe1d7f6a2c99f0c391eb8b3ded65118a00', 'analysis': {'ccn': 29, 'avg_ccn': 1.16, 'avg_loc': 10.8, 'avg_tokens': 47.56, 'num_funs': 25, 'loc': 316, 'tokens': 1456, 'ext': 'py', 'blanks': 45, 'comments': 10, 'file_path': 'tests/test_uploads.py'}}, {'commit': 'be4df02e170f328e27de0f8355b9567064d29a2d', 'analysis': {'ccn': 31, 'avg_ccn': 1.1923076923076923, 'avg_loc': 10.76923076923077, 'avg_tokens': 48.76923076923077, 'num_funs': 26, 'loc': 328, 'tokens': 1547, 'ext': 'py', 'blanks': 49, 'comments': 11, 'file_path': 'tests/test_uploads.py'}}]",-0.03230769230769237,-0.009230769230770264,-1.409230769230767,-1
https://github.com/httpie/httpie,1260,3,httpie/cli/constants.py,"[{'commit': 'a9a9c4e5d7f6c703772be16d1b0f22a54cbf5c76', 'analysis': {'ccn': 0, 'avg_ccn': 0, 'avg_loc': 0, 'avg_tokens': 0, 'num_funs': 0, 'loc': 101, 'tokens': 317, 'ext': 'py', 'blanks': 19, 'comments': 10, 'file_path': 'httpie/cli/constants.py'}}, {'commit': 'e0a3c8e7ce6f7bca7636a9820d4499306fecb6f0', 'analysis': {'ccn': 0, 'avg_ccn': 0, 'avg_loc': 0, 'avg_tokens': 0, 'num_funs': 0, 'loc': 105, 'tokens': 329, 'ext': 'py', 'blanks': 21, 'comments': 10, 'file_path': 'httpie/cli/constants.py'}}]",0,0,0,0
https://github.com/httpie/httpie,1260,3,httpie/cli/nested_json.py,"[{'commit': 'a9a9c4e5d7f6c703772be16d1b0f22a54cbf5c76', 'analysis': {'ccn': 55, 'avg_ccn': 3.4375, 'avg_loc': 13.8125, 'avg_tokens': 83.125, 'num_funs': 16, 'loc': 257, 'tokens': 1518, 'ext': 'py', 'blanks': 56, 'comments': 11, 'file_path': 'httpie/cli/nested_json.py'}}, {'commit': '3f4c8c07b836987b4b3e0f3aa4c2bdd430e5d391', 'analysis': {'ccn': 59, 'avg_ccn': 3.4705882352941178, 'avg_loc': 13.882352941176471, 'avg_tokens': 82.70588235294117, 'num_funs': 17, 'loc': 272, 'tokens': 1595, 'ext': 'py', 'blanks': 59, 'comments': 11, 'file_path': 'httpie/cli/nested_json.py'}}, {'commit': '6b53a3eb4533137ddbe59c0c14059e7f02c9ab04', 'analysis': {'ccn': 60, 'avg_ccn': 3.5294117647058822, 'avg_loc': 14.0, 'avg_tokens': 83.23529411764706, 'num_funs': 17, 'loc': 274, 'tokens': 1604, 'ext': 'py', 'blanks': 59, 'comments': 11, 'file_path': 'httpie/cli/nested_json.py'}}, {'commit': 'bb0d3e12a5bb8510ba243aa66ebd80c52b137e57', 'analysis': {'ccn': 61, 'avg_ccn': 3.388888888888889, 'avg_loc': 13.333333333333334, 'avg_tokens': 81.33333333333333, 'num_funs': 18, 'loc': 281, 'tokens': 1680, 'ext': 'py', 'blanks': 63, 'comments': 12, 'file_path': 'httpie/cli/nested_json.py'}}, {'commit': 'e0a3c8e7ce6f7bca7636a9820d4499306fecb6f0', 'analysis': {'ccn': 61, 'avg_ccn': 3.388888888888889, 'avg_loc': 13.333333333333334, 'avg_tokens': 81.44444444444444, 'num_funs': 18, 'loc': 282, 'tokens': 1696, 'ext': 'py', 'blanks': 63, 'comments': 12, 'file_path': 'httpie/cli/nested_json.py'}}]",0.04861111111111116,0.4791666666666661,1.6805555555555571,-2
https://github.com/httpie/httpie,1260,3,tests/test_json.py,"[{'commit': 'a9a9c4e5d7f6c703772be16d1b0f22a54cbf5c76', 'analysis': {'ccn': 10, 'avg_ccn': 1.25, 'avg_loc': 6.5, 'avg_tokens': 36.0, 'num_funs': 8, 'loc': 439, 'tokens': 1738, 'ext': 'py', 'blanks': 29, 'comments': 21, 'file_path': 'tests/test_json.py'}}, {'commit': '3f4c8c07b836987b4b3e0f3aa4c2bdd430e5d391', 'analysis': {'ccn': 10, 'avg_ccn': 1.25, 'avg_loc': 6.5, 'avg_tokens': 36.0, 'num_funs': 8, 'loc': 469, 'tokens': 1844, 'ext': 'py', 'blanks': 29, 'comments': 21, 'file_path': 'tests/test_json.py'}}]",0.0,0.0,0.0,0
